MonthStart,ChannelKey,CostType,AmountVND,SourceCostBucket,AllocationMethod,EvidenceClass,DatasetVersion
2023-01-01,CH01,COGS,1011840000.0,AUTHORITATIVE_CHANNEL_MONTH_COGS,PRO_RATA_PRELIM_COGS,SIMULATED,final_v1.0.0
2023-01-01,CH01,CHANNEL_FEE,57120000.0,CHANNEL_FEE,NET_REVENUE_SHARE,DERIVED,final_v1.0.0
2023-01-01,CH01,TRADE_SPEND,40800000.0,TRADE_SPEND,NET_REVENUE_SHARE,DERIVED,final_v1.0.0
2023-01-01,CH01,VARIABLE_FULFILMENT,18854856.0,FULFILMENT,NET_REVENUE_SHARE,DERIVED,final_v1.0.0
2023-01-01,CH02,COGS,773760000.0,AUTHORITATIVE_CHANNEL_MONTH_COGS,PRO_RATA_PRELIM_COGS,SIMULATED,final_v1.0.0
2023-01-01,CH02,CHANNEL_FEE,56160000.0,CHANNEL_FEE,NET_REVENUE_SHARE,DERIVED,final_v1.0.0
2023-01-01,CH02,TRADE_SPEND,46176000.0,TRADE_SPEND,NET_REVENUE_SHARE,DERIVED,final_v1.0.0
2023-01-01,CH02,VARIABLE_FULFILMENT,14218416.0,FULFILMENT,NET_REVENUE_SHARE,DERIVED,final_v1.0.0
2023-01-01,CH03,COGS,565920000.0,AUTHORITATIVE_CHANNEL_MONTH_COGS,PRO_RATA_PRELIM_COGS,SIMULATED,final_v1.0.0
2023-01-01,CH03,CHANNEL_FEE,103680000.0,CHANNEL_FEE,NET_REVENUE_SHARE,DERIVED,final_v1.0.0
2023-01-01,CH03,TRADE_SPEND,21600000.0,TRADE_SPEND,NET_REVENUE_SHARE,DERIVED,final_v1.0.0
2023-01-01,CH03,VARIABLE_FULFILMENT,9208248.0,FULFILMENT,NET_REVENUE_SHARE,DERIVED,final_v1.0.0
2023-01-01,CH04,COGS,297600000.0,AUTHORITATIVE_CHANNEL_MONTH_COGS,PRO_RATA_PRELIM_COGS,SIMULATED,final_v1.0.0
2023-01-01,CH04,CHANNEL_FEE,38400000.0,CHANNEL_FEE,NET_REVENUE_SHARE,DERIVED,final_v1.0.0
2023-01-01,CH04,TRADE_SPEND,12000000.0,TRADE_SPEND,NET_REVENUE_SHARE,DERIVED,final_v1.0.0
2023-01-01,CH04,VARIABLE_FULFILMENT,5301576.0,FULFILMENT,NET_REVENUE_SHARE,DERIVED,final_v1.0.0
2023-01-01,CH05,COGS,357120000.0,AUTHORITATIVE_CHANNEL_MONTH_COGS,PRO_RATA_PRELIM_COGS,SIMULATED,final_v1.0.0
2023-01-01,CH05,CHANNEL_FEE,11520000.0,CHANNEL_FEE,NET_REVENUE_SHARE,DERIVED,final_v1.0.0
2023-01-01,CH05,TRADE_SPEND,14400000.0,TRADE_SPEND,NET_REVENUE_SHARE,DERIVED,final_v1.0.0
2023-01-01,CH05,VARIABLE_FULFILMENT,6365088.0,FULFILMENT,NET_REVENUE_SHARE,DERIVED,final_v1.0.0
2023-02-01,CH01,COGS,1003502438.4,AUTHORITATIVE_CHANNEL_MONTH_COGS,PRO_RATA_PRELIM_COGS,SIMULATED,final_v1.0.0
2023-02-01,CH01,CHANNEL_FEE,56649331.2,CHANNEL_FEE,NET_REVENUE_SHARE,DERIVED,final_v1.0.0
2023-02-01,CH01,TRADE_SPEND,40463808.0,TRADE_SPEND,NET_REVENUE_SHARE,DERIVED,final_v1.0.0
2023-02-01,CH01,VARIABLE_FULFILMENT,18442728.0,FULFILMENT,NET_REVENUE_SHARE,DERIVED,final_v1.0.0
2023-02-01,CH02,COGS,767384217.6,AUTHORITATIVE_CHANNEL_MONTH_COGS,PRO_RATA_PRELIM_COGS,SIMULATED,final_v1.0.0
2023-02-01,CH02,CHANNEL_FEE,55697241.6,CHANNEL_FEE,NET_REVENUE_SHARE,DERIVED,final_v1.0.0
2023-02-01,CH02,TRADE_SPEND,45795509.76,TRADE_SPEND,NET_REVENUE_SHARE,DERIVED,final_v1.0.0
2023-02-01,CH02,VARIABLE_FULFILMENT,14218416.0,FULFILMENT,NET_REVENUE_SHARE,DERIVED,final_v1.0.0
2023-02-01,CH03,COGS,564624360.12,AUTHORITATIVE_CHANNEL_MONTH_COGS,PRO_RATA_PRELIM_COGS,SIMULATED,final_v1.0.0
2023-02-01,CH03,CHANNEL_FEE,103442630.86,CHANNEL_FEE,NET_REVENUE_SHARE,DERIVED,final_v1.0.0
2023-02-01,CH03,TRADE_SPEND,21550548.1,TRADE_SPEND,NET_REVENUE_SHARE,DERIVED,final_v1.0.0
2023-02-01,CH03,VARIABLE_FULFILMENT,9208248.0,FULFILMENT,NET_REVENUE_SHARE,DERIVED,final_v1.0.0
2023-02-01,CH04,COGS,295147776.0,AUTHORITATIVE_CHANNEL_MONTH_COGS,PRO_RATA_PRELIM_COGS,SIMULATED,final_v1.0.0
2023-02-01,CH04,CHANNEL_FEE,38083584.0,CHANNEL_FEE,NET_REVENUE_SHARE,DERIVED,final_v1.0.0
2023-02-01,CH04,TRADE_SPEND,11901120.0,TRADE_SPEND,NET_REVENUE_SHARE,DERIVED,final_v1.0.0
2023-02-01,CH04,VARIABLE_FULFILMENT,5301576.0,FULFILMENT,NET_REVENUE_SHARE,DERIVED,final_v1.0.0
2023-02-01,CH05,COGS,354177331.2,AUTHORITATIVE_CHANNEL_MONTH_COGS,PRO_RATA_PRELIM_COGS,SIMULATED,final_v1.0.0
2023-02-01,CH05,CHANNEL_FEE,11425075.2,CHANNEL_FEE,NET_REVENUE_SHARE,DERIVED,final_v1.0.0
2023-02-01,CH05,TRADE_SPEND,14281344.0,TRADE_SPEND,NET_REVENUE_SHARE,DERIVED,final_v1.0.0
2023-02-01,CH05,VARIABLE_FULFILMENT,6365088.0,FULFILMENT,NET_REVENUE_SHARE,DERIVED,final_v1.0.0
2023-03-01,CH01,COGS,1056846643.2,AUTHORITATIVE_CHANNEL_MONTH_COGS,PRO_RATA_PRELIM_COGS,SIMULATED,final_v1.0.0
2023-03-01,CH01,CHANNEL_FEE,59660697.6,CHANNEL_FEE,NET_REVENUE_SHARE,DERIVED,final_v1.0.0
2023-03-01,CH01,TRADE_SPEND,42614784.0,TRADE_SPEND,NET_REVENUE_SHARE,DERIVED,final_v1.0.0
2023-03-01,CH01,VARIABLE_FULFILMENT,19473048.0,FULFILMENT,NET_REVENUE_SHARE,DERIVED,final_v1.0.0
2023-03-01,CH02,COGS,808176844.8,AUTHORITATIVE_CHANNEL_MONTH_COGS,PRO_RATA_PRELIM_COGS,SIMULATED,final_v1.0.0
2023-03-01,CH02,CHANNEL_FEE,58657996.8,CHANNEL_FEE,NET_REVENUE_SHARE,DERIVED,final_v1.0.0
2023-03-01,CH02,TRADE_SPEND,48229908.48,TRADE_SPEND,NET_REVENUE_SHARE,DERIVED,final_v1.0.0
2023-03-01,CH02,VARIABLE_FULFILMENT,14951088.0,FULFILMENT,NET_REVENUE_SHARE,DERIVED,final_v1.0.0
2023-03-01,CH03,COGS,598185227.06,AUTHORITATIVE_CHANNEL_MONTH_COGS,PRO_RATA_PRELIM_COGS,SIMULATED,final_v1.0.0
2023-03-01,CH03,CHANNEL_FEE,109591186.64,CHANNEL_FEE,NET_REVENUE_SHARE,DERIVED,final_v1.0.0
2023-03-01,CH03,TRADE_SPEND,22831497.22,TRADE_SPEND,NET_REVENUE_SHARE,DERIVED,final_v1.0.0
2023-03-01,CH03,VARIABLE_FULFILMENT,10601748.0,FULFILMENT,NET_REVENUE_SHARE,DERIVED,final_v1.0.0
2023-03-01,CH04,COGS,310837248.0,AUTHORITATIVE_CHANNEL_MONTH_COGS,PRO_RATA_PRELIM_COGS,SIMULATED,final_v1.0.0
2023-03-01,CH04,CHANNEL_FEE,40108032.0,CHANNEL_FEE,NET_REVENUE_SHARE,DERIVED,final_v1.0.0
2023-03-01,CH04,TRADE_SPEND,12533760.0,TRADE_SPEND,NET_REVENUE_SHARE,DERIVED,final_v1.0.0
2023-03-01,CH04,VARIABLE_FULFILMENT,5301576.0,FULFILMENT,NET_REVENUE_SHARE,DERIVED,final_v1.0.0
2023-03-01,CH05,COGS,373004697.6,AUTHORITATIVE_CHANNEL_MONTH_COGS,PRO_RATA_PRELIM_COGS,SIMULATED,final_v1.0.0
2023-03-01,CH05,CHANNEL_FEE,12032409.6,CHANNEL_FEE,NET_REVENUE_SHARE,DERIVED,final_v1.0.0
2023-03-01,CH05,TRADE_SPEND,15040512.0,TRADE_SPEND,NET_REVENUE_SHARE,DERIVED,final_v1.0.0
2023-03-01,CH05,VARIABLE_FULFILMENT,6731424.0,FULFILMENT,NET_REVENUE_SHARE,DERIVED,final_v1.0.0
2023-04-01,CH01,COGS,1079714227.2,AUTHORITATIVE_CHANNEL_MONTH_COGS,PRO_RATA_PRELIM_COGS,SIMULATED,final_v1.0.0
2023-04-01,CH01,CHANNEL_FEE,60951609.6,CHANNEL_FEE,NET_REVENUE_SHARE,DERIVED,final_v1.0.0
2023-04-01,CH01,TRADE_SPEND,43536864.0,TRADE_SPEND,NET_REVENUE_SHARE,DERIVED,final_v1.0.0
2023-04-01,CH01,VARIABLE_FULFILMENT,19999656.0,FULFILMENT,NET_REVENUE_SHARE,DERIVED,final_v1.0.0
2023-04-01,CH02,COGS,825663820.8,AUTHORITATIVE_CHANNEL_MONTH_COGS,PRO_RATA_PRELIM_COGS,SIMULATED,final_v1.0.0
2023-04-01,CH02,CHANNEL_FEE,59927212.8,CHANNEL_FEE,NET_REVENUE_SHARE,DERIVED,final_v1.0.0
2023-04-01,CH02,TRADE_SPEND,49273486.08,TRADE_SPEND,NET_REVENUE_SHARE,DERIVED,final_v1.0.0
2023-04-01,CH02,VARIABLE_FULFILMENT,14951088.0,FULFILMENT,NET_REVENUE_SHARE,DERIVED,final_v1.0.0
2023-04-01,CH03,COGS,614751788.04,AUTHORITATIVE_CHANNEL_MONTH_COGS,PRO_RATA_PRELIM_COGS,SIMULATED,final_v1.0.0
2023-04-01,CH03,CHANNEL_FEE,112626281.78,CHANNEL_FEE,NET_REVENUE_SHARE,DERIVED,final_v1.0.0
2023-04-01,CH03,TRADE_SPEND,23463808.7,TRADE_SPEND,NET_REVENUE_SHARE,DERIVED,final_v1.0.0
2023-04-01,CH03,VARIABLE_FULFILMENT,10835856.0,FULFILMENT,NET_REVENUE_SHARE,DERIVED,final_v1.0.0
2023-04-01,CH04,COGS,317563008.0,AUTHORITATIVE_CHANNEL_MONTH_COGS,PRO_RATA_PRELIM_COGS,SIMULATED,final_v1.0.0
2023-04-01,CH04,CHANNEL_FEE,40975872.0,CHANNEL_FEE,NET_REVENUE_SHARE,DERIVED,final_v1.0.0
2023-04-01,CH04,TRADE_SPEND,12804960.0,TRADE_SPEND,NET_REVENUE_SHARE,DERIVED,final_v1.0.0
2023-04-01,CH04,VARIABLE_FULFILMENT,5606784.0,FULFILMENT,NET_REVENUE_SHARE,DERIVED,final_v1.0.0
2023-04-01,CH05,COGS,381075609.6,AUTHORITATIVE_CHANNEL_MONTH_COGS,PRO_RATA_PRELIM_COGS,SIMULATED,final_v1.0.0
2023-04-01,CH05,CHANNEL_FEE,12292761.6,CHANNEL_FEE,NET_REVENUE_SHARE,DERIVED,final_v1.0.0
2023-04-01,CH05,TRADE_SPEND,15365952.0,TRADE_SPEND,NET_REVENUE_SHARE,DERIVED,final_v1.0.0
2023-04-01,CH05,VARIABLE_FULFILMENT,6731424.0,FULFILMENT,NET_REVENUE_SHARE,DERIVED,final_v1.0.0
2023-05-01,CH01,COGS,1071012403.2,AUTHORITATIVE_CHANNEL_MONTH_COGS,PRO_RATA_PRELIM_COGS,SIMULATED,final_v1.0.0
2023-05-01,CH01,CHANNEL_FEE,60460377.6,CHANNEL_FEE,NET_REVENUE_SHARE,DERIVED,final_v1.0.0
2023-05-01,CH01,TRADE_SPEND,43185984.0,TRADE_SPEND,NET_REVENUE_SHARE,DERIVED,final_v1.0.0
2023-05-01,CH01,VARIABLE_FULFILMENT,19999656.0,FULFILMENT,NET_REVENUE_SHARE,DERIVED,final_v1.0.0
2023-05-01,CH02,COGS,819009484.8,AUTHORITATIVE_CHANNEL_MONTH_COGS,PRO_RATA_PRELIM_COGS,SIMULATED,final_v1.0.0
2023-05-01,CH02,CHANNEL_FEE,59444236.8,CHANNEL_FEE,NET_REVENUE_SHARE,DERIVED,final_v1.0.0
2023-05-01,CH02,TRADE_SPEND,48876372.48,TRADE_SPEND,NET_REVENUE_SHARE,DERIVED,final_v1.0.0
2023-05-01,CH02,VARIABLE_FULFILMENT,14951088.0,FULFILMENT,NET_REVENUE_SHARE,DERIVED,final_v1.0.0
2023-05-01,CH03,COGS,613391361.64,AUTHORITATIVE_CHANNEL_MONTH_COGS,PRO_RATA_PRELIM_COGS,SIMULATED,final_v1.0.0
2023-05-01,CH03,CHANNEL_FEE,112377043.35,CHANNEL_FEE,NET_REVENUE_SHARE,DERIVED,final_v1.0.0
2023-05-01,CH03,TRADE_SPEND,23411884.03,TRADE_SPEND,NET_REVENUE_SHARE,DERIVED,final_v1.0.0
2023-05-01,CH03,VARIABLE_FULFILMENT,10835856.0,FULFILMENT,NET_REVENUE_SHARE,DERIVED,final_v1.0.0
2023-05-01,CH04,COGS,315003648.0,AUTHORITATIVE_CHANNEL_MONTH_COGS,PRO_RATA_PRELIM_COGS,SIMULATED,final_v1.0.0
2023-05-01,CH04,CHANNEL_FEE,40645632.0,CHANNEL_FEE,NET_REVENUE_SHARE,DERIVED,final_v1.0.0
2023-05-01,CH04,TRADE_SPEND,12701760.0,TRADE_SPEND,NET_REVENUE_SHARE,DERIVED,final_v1.0.0
2023-05-01,CH04,VARIABLE_FULFILMENT,5606784.0,FULFILMENT,NET_REVENUE_SHARE,DERIVED,final_v1.0.0
2023-05-01,CH05,COGS,378004377.6,AUTHORITATIVE_CHANNEL_MONTH_COGS,PRO_RATA_PRELIM_COGS,SIMULATED,final_v1.0.0
2023-05-01,CH05,CHANNEL_FEE,12193689.6,CHANNEL_FEE,NET_REVENUE_SHARE,DERIVED,final_v1.0.0
2023-05-01,CH05,TRADE_SPEND,15242112.0,TRADE_SPEND,NET_REVENUE_SHARE,DERIVED,final_v1.0.0
2023-05-01,CH05,VARIABLE_FULFILMENT,6731424.0,FULFILMENT,NET_REVENUE_SHARE,DERIVED,final_v1.0.0
2023-06-01,CH01,COGS,1072550400.0,AUTHORITATIVE_CHANNEL_MONTH_COGS,PRO_RATA_PRELIM_COGS,SIMULATED,final_v1.0.0
2023-06-01,CH01,CHANNEL_FEE,60547200.0,CHANNEL_FEE,NET_REVENUE_SHARE,DERIVED,final_v1.0.0
2023-06-01,CH01,TRADE_SPEND,43248000.0,TRADE_SPEND,NET_REVENUE_SHARE,DERIVED,final_v1.0.0
2023-06-01,CH01,VARIABLE_FULFILMENT,19999656.0,FULFILMENT,NET_REVENUE_SHARE,DERIVED,final_v1.0.0
2023-06-01,CH02,COGS,820185600.0,AUTHORITATIVE_CHANNEL_MONTH_COGS,PRO_RATA_PRELIM_COGS,SIMULATED,final_v1.0.0
2023-06-01,CH02,CHANNEL_FEE,59529600.0,CHANNEL_FEE,NET_REVENUE_SHARE,DERIVED,final_v1.0.0
2023-06-01,CH02,TRADE_SPEND,48946560.0,TRADE_SPEND,NET_REVENUE_SHARE,DERIVED,final_v1.0.0
2023-06-01,CH02,VARIABLE_FULFILMENT,14951088.0,FULFILMENT,NET_REVENUE_SHARE,DERIVED,final_v1.0.0
2023-06-01,CH03,COGS,617871456.0,AUTHORITATIVE_CHANNEL_MONTH_COGS,PRO_RATA_PRELIM_COGS,SIMULATED,final_v1.0.0
2023-06-01,CH03,CHANNEL_FEE,113197824.0,CHANNEL_FEE,NET_REVENUE_SHARE,DERIVED,final_v1.0.0
2023-06-01,CH03,TRADE_SPEND,23582880.0,TRADE_SPEND,NET_REVENUE_SHARE,DERIVED,final_v1.0.0
2023-06-01,CH03,VARIABLE_FULFILMENT,10835856.0,FULFILMENT,NET_REVENUE_SHARE,DERIVED,final_v1.0.0
2023-06-01,CH04,COGS,315456000.0,AUTHORITATIVE_CHANNEL_MONTH_COGS,PRO_RATA_PRELIM_COGS,SIMULATED,final_v1.0.0
2023-06-01,CH04,CHANNEL_FEE,40704000.0,CHANNEL_FEE,NET_REVENUE_SHARE,DERIVED,final_v1.0.0
2023-06-01,CH04,TRADE_SPEND,12720000.0,TRADE_SPEND,NET_REVENUE_SHARE,DERIVED,final_v1.0.0
2023-06-01,CH04,VARIABLE_FULFILMENT,5606784.0,FULFILMENT,NET_REVENUE_SHARE,DERIVED,final_v1.0.0
2023-06-01,CH05,COGS,378547200.0,AUTHORITATIVE_CHANNEL_MONTH_COGS,PRO_RATA_PRELIM_COGS,SIMULATED,final_v1.0.0
2023-06-01,CH05,CHANNEL_FEE,12211200.0,CHANNEL_FEE,NET_REVENUE_SHARE,DERIVED,final_v1.0.0
2023-06-01,CH05,TRADE_SPEND,15264000.0,TRADE_SPEND,NET_REVENUE_SHARE,DERIVED,final_v1.0.0
2023-06-01,CH05,VARIABLE_FULFILMENT,6731424.0,FULFILMENT,NET_REVENUE_SHARE,DERIVED,final_v1.0.0
2023-07-01,CH01,COGS,1073845555.2,AUTHORITATIVE_CHANNEL_MONTH_COGS,PRO_RATA_PRELIM_COGS,SIMULATED,final_v1.0.0
2023-07-01,CH01,CHANNEL_FEE,60620313.6,CHANNEL_FEE,NET_REVENUE_SHARE,DERIVED,final_v1.0.0
2023-07-01,CH01,TRADE_SPEND,43300224.0,TRADE_SPEND,NET_REVENUE_SHARE,DERIVED,final_v1.0.0
2023-07-01,CH01,VARIABLE_FULFILMENT,19999656.0,FULFILMENT,NET_REVENUE_SHARE,DERIVED,final_v1.0.0
2023-07-01,CH02,COGS,821176012.8,AUTHORITATIVE_CHANNEL_MONTH_COGS,PRO_RATA_PRELIM_COGS,SIMULATED,final_v1.0.0
2023-07-01,CH02,CHANNEL_FEE,59601484.8,CHANNEL_FEE,NET_REVENUE_SHARE,DERIVED,final_v1.0.0
2023-07-01,CH02,TRADE_SPEND,49005665.28,TRADE_SPEND,NET_REVENUE_SHARE,DERIVED,final_v1.0.0
2023-07-01,CH02,VARIABLE_FULFILMENT,14951088.0,FULFILMENT,NET_REVENUE_SHARE,DERIVED,final_v1.0.0
2023-07-01,CH03,COGS,622221162.39,AUTHORITATIVE_CHANNEL_MONTH_COGS,PRO_RATA_PRELIM_COGS,SIMULATED,final_v1.0.0
2023-07-01,CH03,CHANNEL_FEE,113994716.77,CHANNEL_FEE,NET_REVENUE_SHARE,DERIVED,final_v1.0.0
2023-07-01,CH03,TRADE_SPEND,23748899.33,TRADE_SPEND,NET_REVENUE_SHARE,DERIVED,final_v1.0.0
2023-07-01,CH03,VARIABLE_FULFILMENT,10835856.0,FULFILMENT,NET_REVENUE_SHARE,DERIVED,final_v1.0.0
2023-07-01,CH04,COGS,315836928.0,AUTHORITATIVE_CHANNEL_MONTH_COGS,PRO_RATA_PRELIM_COGS,SIMULATED,final_v1.0.0
2023-07-01,CH04,CHANNEL_FEE,40753152.0,CHANNEL_FEE,NET_REVENUE_SHARE,DERIVED,final_v1.0.0
2023-07-01,CH04,TRADE_SPEND,12735360.0,TRADE_SPEND,NET_REVENUE_SHARE,DERIVED,final_v1.0.0
2023-07-01,CH04,VARIABLE_FULFILMENT,5606784.0,FULFILMENT,NET_REVENUE_SHARE,DERIVED,final_v1.0.0
2023-07-01,CH05,COGS,379004313.6,AUTHORITATIVE_CHANNEL_MONTH_COGS,PRO_RATA_PRELIM_COGS,SIMULATED,final_v1.0.0
2023-07-01,CH05,CHANNEL_FEE,12225945.6,CHANNEL_FEE,NET_REVENUE_SHARE,DERIVED,final_v1.0.0
2023-07-01,CH05,TRADE_SPEND,15282432.0,TRADE_SPEND,NET_REVENUE_SHARE,DERIVED,final_v1.0.0
2023-07-01,CH05,VARIABLE_FULFILMENT,6731424.0,FULFILMENT,NET_REVENUE_SHARE,DERIVED,final_v1.0.0
2023-08-01,CH01,COGS,1107802905.6,AUTHORITATIVE_CHANNEL_MONTH_COGS,PRO_RATA_PRELIM_COGS,SIMULATED,final_v1.0.0
2023-08-01,CH01,CHANNEL_FEE,62537260.8,CHANNEL_FEE,NET_REVENUE_SHARE,DERIVED,final_v1.0.0
2023-08-01,CH01,TRADE_SPEND,44669472.0,TRADE_SPEND,NET_REVENUE_SHARE,DERIVED,final_v1.0.0
2023-08-01,CH01,VARIABLE_FULFILMENT,19999656.0,FULFILMENT,NET_REVENUE_SHARE,DERIVED,final_v1.0.0
2023-08-01,CH02,COGS,847143398.4,AUTHORITATIVE_CHANNEL_MONTH_COGS,PRO_RATA_PRELIM_COGS,SIMULATED,final_v1.0.0
2023-08-01,CH02,CHANNEL_FEE,61486214.4,CHANNEL_FEE,NET_REVENUE_SHARE,DERIVED,final_v1.0.0
2023-08-01,CH02,TRADE_SPEND,50555331.84,TRADE_SPEND,NET_REVENUE_SHARE,DERIVED,final_v1.0.0
2023-08-01,CH02,VARIABLE_FULFILMENT,14951088.0,FULFILMENT,NET_REVENUE_SHARE,DERIVED,final_v1.0.0
2023-08-01,CH03,COGS,645614710.62,AUTHORITATIVE_CHANNEL_MONTH_COGS,PRO_RATA_PRELIM_COGS,SIMULATED,final_v1.0.0
2023-08-01,CH03,CHANNEL_FEE,118280557.67,CHANNEL_FEE,NET_REVENUE_SHARE,DERIVED,final_v1.0.0
2023-08-01,CH03,TRADE_SPEND,24641782.85,TRADE_SPEND,NET_REVENUE_SHARE,DERIVED,final_v1.0.0
2023-08-01,CH03,VARIABLE_FULFILMENT,11148000.0,FULFILMENT,NET_REVENUE_SHARE,DERIVED,final_v1.0.0
2023-08-01,CH04,COGS,325824384.0,AUTHORITATIVE_CHANNEL_MONTH_COGS,PRO_RATA_PRELIM_COGS,SIMULATED,final_v1.0.0
2023-08-01,CH04,CHANNEL_FEE,42041856.0,CHANNEL_FEE,NET_REVENUE_SHARE,DERIVED,final_v1.0.0
2023-08-01,CH04,TRADE_SPEND,13138080.0,TRADE_SPEND,NET_REVENUE_SHARE,DERIVED,final_v1.0.0
2023-08-01,CH04,VARIABLE_FULFILMENT,5878080.0,FULFILMENT,NET_REVENUE_SHARE,DERIVED,final_v1.0.0
2023-08-01,CH05,COGS,390989260.8,AUTHORITATIVE_CHANNEL_MONTH_COGS,PRO_RATA_PRELIM_COGS,SIMULATED,final_v1.0.0
2023-08-01,CH05,CHANNEL_FEE,12612556.8,CHANNEL_FEE,NET_REVENUE_SHARE,DERIVED,final_v1.0.0
2023-08-01,CH05,TRADE_SPEND,15765696.0,TRADE_SPEND,NET_REVENUE_SHARE,DERIVED,final_v1.0.0
2023-08-01,CH05,VARIABLE_FULFILMENT,7063416.0,FULFILMENT,NET_REVENUE_SHARE,DERIVED,final_v1.0.0
2023-09-01,CH01,COGS,1153335705.6,AUTHORITATIVE_CHANNEL_MONTH_COGS,PRO_RATA_PRELIM_COGS,SIMULATED,final_v1.0.0
2023-09-01,CH01,CHANNEL_FEE,65107660.8,CHANNEL_FEE,NET_REVENUE_SHARE,DERIVED,final_v1.0.0
2023-09-01,CH01,TRADE_SPEND,46505472.0,TRADE_SPEND,NET_REVENUE_SHARE,DERIVED,final_v1.0.0
2023-09-01,CH01,VARIABLE_FULFILMENT,20995632.0,FULFILMENT,NET_REVENUE_SHARE,DERIVED,final_v1.0.0
2023-09-01,CH02,COGS,881962598.4,AUTHORITATIVE_CHANNEL_MONTH_COGS,PRO_RATA_PRELIM_COGS,SIMULATED,final_v1.0.0
2023-09-01,CH02,CHANNEL_FEE,64013414.4,CHANNEL_FEE,NET_REVENUE_SHARE,DERIVED,final_v1.0.0
2023-09-01,CH02,TRADE_SPEND,52633251.84,TRADE_SPEND,NET_REVENUE_SHARE,DERIVED,final_v1.0.0
2023-09-01,CH02,VARIABLE_FULFILMENT,16221816.0,FULFILMENT,NET_REVENUE_SHARE,DERIVED,final_v1.0.0
2023-09-01,CH03,COGS,676021048.93,AUTHORITATIVE_CHANNEL_MONTH_COGS,PRO_RATA_PRELIM_COGS,SIMULATED,final_v1.0.0
2023-09-01,CH03,CHANNEL_FEE,123851184.54,CHANNEL_FEE,NET_REVENUE_SHARE,DERIVED,final_v1.0.0
2023-09-01,CH03,TRADE_SPEND,25802330.11,TRADE_SPEND,NET_REVENUE_SHARE,DERIVED,final_v1.0.0
2023-09-01,CH03,VARIABLE_FULFILMENT,11504736.0,FULFILMENT,NET_REVENUE_SHARE,DERIVED,final_v1.0.0
2023-09-01,CH04,COGS,339216384.0,AUTHORITATIVE_CHANNEL_MONTH_COGS,PRO_RATA_PRELIM_COGS,SIMULATED,final_v1.0.0
2023-09-01,CH04,CHANNEL_FEE,43769856.0,CHANNEL_FEE,NET_REVENUE_SHARE,DERIVED,final_v1.0.0
2023-09-01,CH04,TRADE_SPEND,13678080.0,TRADE_SPEND,NET_REVENUE_SHARE,DERIVED,final_v1.0.0
2023-09-01,CH04,VARIABLE_FULFILMENT,6285024.0,FULFILMENT,NET_REVENUE_SHARE,DERIVED,final_v1.0.0
2023-09-01,CH05,COGS,407059660.8,AUTHORITATIVE_CHANNEL_MONTH_COGS,PRO_RATA_PRELIM_COGS,SIMULATED,final_v1.0.0
2023-09-01,CH05,CHANNEL_FEE,13130956.8,CHANNEL_FEE,NET_REVENUE_SHARE,DERIVED,final_v1.0.0
2023-09-01,CH05,TRADE_SPEND,16413696.0,TRADE_SPEND,NET_REVENUE_SHARE,DERIVED,final_v1.0.0
2023-09-01,CH05,VARIABLE_FULFILMENT,8265456.0,FULFILMENT,NET_REVENUE_SHARE,DERIVED,final_v1.0.0
2023-10-01,CH01,COGS,1210808217.6,AUTHORITATIVE_CHANNEL_MONTH_COGS,PRO_RATA_PRELIM_COGS,SIMULATED,final_v1.0.0
2023-10-01,CH01,CHANNEL_FEE,68352076.8,CHANNEL_FEE,NET_REVENUE_SHARE,DERIVED,final_v1.0.0
2023-10-01,CH01,TRADE_SPEND,48822912.0,TRADE_SPEND,NET_REVENUE_SHARE,DERIVED,final_v1.0.0
2023-10-01,CH01,VARIABLE_FULFILMENT,22564008.0,FULFILMENT,NET_REVENUE_SHARE,DERIVED,final_v1.0.0
2023-10-01,CH02,COGS,925912166.4,AUTHORITATIVE_CHANNEL_MONTH_COGS,PRO_RATA_PRELIM_COGS,SIMULATED,final_v1.0.0
2023-10-01,CH02,CHANNEL_FEE,67203302.4,CHANNEL_FEE,NET_REVENUE_SHARE,DERIVED,final_v1.0.0
2023-10-01,CH02,TRADE_SPEND,55256048.64,TRADE_SPEND,NET_REVENUE_SHARE,DERIVED,final_v1.0.0
2023-10-01,CH02,VARIABLE_FULFILMENT,17194896.0,FULFILMENT,NET_REVENUE_SHARE,DERIVED,final_v1.0.0
2023-10-01,CH03,COGS,713771444.28,AUTHORITATIVE_CHANNEL_MONTH_COGS,PRO_RATA_PRELIM_COGS,SIMULATED,final_v1.0.0
2023-10-01,CH03,CHANNEL_FEE,130767287.5,CHANNEL_FEE,NET_REVENUE_SHARE,DERIVED,final_v1.0.0
2023-10-01,CH03,TRADE_SPEND,27243184.9,TRADE_SPEND,NET_REVENUE_SHARE,DERIVED,final_v1.0.0
2023-10-01,CH03,VARIABLE_FULFILMENT,12162468.0,FULFILMENT,NET_REVENUE_SHARE,DERIVED,final_v1.0.0
2023-10-01,CH04,COGS,356120064.0,AUTHORITATIVE_CHANNEL_MONTH_COGS,PRO_RATA_PRELIM_COGS,SIMULATED,final_v1.0.0
2023-10-01,CH04,CHANNEL_FEE,45950976.0,CHANNEL_FEE,NET_REVENUE_SHARE,DERIVED,final_v1.0.0
2023-10-01,CH04,TRADE_SPEND,14359680.0,TRADE_SPEND,NET_REVENUE_SHARE,DERIVED,final_v1.0.0
2023-10-01,CH04,VARIABLE_FULFILMENT,6285024.0,FULFILMENT,NET_REVENUE_SHARE,DERIVED,final_v1.0.0
2023-10-01,CH05,COGS,427344076.8,AUTHORITATIVE_CHANNEL_MONTH_COGS,PRO_RATA_PRELIM_COGS,SIMULATED,final_v1.0.0
2023-10-01,CH05,CHANNEL_FEE,13785292.8,CHANNEL_FEE,NET_REVENUE_SHARE,DERIVED,final_v1.0.0
2023-10-01,CH05,TRADE_SPEND,17231616.0,TRADE_SPEND,NET_REVENUE_SHARE,DERIVED,final_v1.0.0
2023-10-01,CH05,VARIABLE_FULFILMENT,8265456.0,FULFILMENT,NET_REVENUE_SHARE,DERIVED,final_v1.0.0
2023-11-01,CH01,COGS,1337247744.0,AUTHORITATIVE_CHANNEL_MONTH_COGS,PRO_RATA_PRELIM_COGS,SIMULATED,final_v1.0.0
2023-11-01,CH01,CHANNEL_FEE,75489792.0,CHANNEL_FEE,NET_REVENUE_SHARE,DERIVED,final_v1.0.0
2023-11-01,CH01,TRADE_SPEND,140195328.0,TRADE_SPEND,NET_REVENUE_SHARE,DERIVED,final_v1.0.0
2023-11-01,CH01,VARIABLE_FULFILMENT,23462208.0,FULFILMENT,NET_REVENUE_SHARE,DERIVED,final_v1.0.0
2023-11-01,CH02,COGS,1022601216.0,AUTHORITATIVE_CHANNEL_MONTH_COGS,PRO_RATA_PRELIM_COGS,SIMULATED,final_v1.0.0
2023-11-01,CH02,CHANNEL_FEE,74221056.0,CHANNEL_FEE,NET_REVENUE_SHARE,DERIVED,final_v1.0.0
2023-11-01,CH02,TRADE_SPEND,127000473.6,TRADE_SPEND,NET_REVENUE_SHARE,DERIVED,final_v1.0.0
2023-11-01,CH02,VARIABLE_FULFILMENT,18261936.0,FULFILMENT,NET_REVENUE_SHARE,DERIVED,final_v1.0.0
2023-11-01,CH03,COGS,792795064.32,AUTHORITATIVE_CHANNEL_MONTH_COGS,PRO_RATA_PRELIM_COGS,SIMULATED,final_v1.0.0
2023-11-01,CH03,CHANNEL_FEE,145244897.28,CHANNEL_FEE,NET_REVENUE_SHARE,DERIVED,final_v1.0.0
2023-11-01,CH03,TRADE_SPEND,78674319.36,TRADE_SPEND,NET_REVENUE_SHARE,DERIVED,final_v1.0.0
2023-11-01,CH03,VARIABLE_FULFILMENT,13398696.0,FULFILMENT,NET_REVENUE_SHARE,DERIVED,final_v1.0.0
2023-11-01,CH04,COGS,393308160.0,AUTHORITATIVE_CHANNEL_MONTH_COGS,PRO_RATA_PRELIM_COGS,SIMULATED,final_v1.0.0
2023-11-01,CH04,CHANNEL_FEE,50749440.0,CHANNEL_FEE,NET_REVENUE_SHARE,DERIVED,final_v1.0.0
2023-11-01,CH04,TRADE_SPEND,41233920.0,TRADE_SPEND,NET_REVENUE_SHARE,DERIVED,final_v1.0.0
2023-11-01,CH04,VARIABLE_FULFILMENT,6752448.0,FULFILMENT,NET_REVENUE_SHARE,DERIVED,final_v1.0.0
2023-11-01,CH05,COGS,471969792.0,AUTHORITATIVE_CHANNEL_MONTH_COGS,PRO_RATA_PRELIM_COGS,SIMULATED,final_v1.0.0
2023-11-01,CH05,CHANNEL_FEE,15224832.0,CHANNEL_FEE,NET_REVENUE_SHARE,DERIVED,final_v1.0.0
2023-11-01,CH05,TRADE_SPEND,49480704.0,TRADE_SPEND,NET_REVENUE_SHARE,DERIVED,final_v1.0.0
2023-11-01,CH05,VARIABLE_FULFILMENT,8316000.0,FULFILMENT,NET_REVENUE_SHARE,DERIVED,final_v1.0.0
2023-12-01,CH01,COGS,1466115686.4,AUTHORITATIVE_CHANNEL_MONTH_COGS,PRO_RATA_PRELIM_COGS,SIMULATED,final_v1.0.0
2023-12-01,CH01,CHANNEL_FEE,82764595.2,CHANNEL_FEE,NET_REVENUE_SHARE,DERIVED,final_v1.0.0
2023-12-01,CH01,TRADE_SPEND,59117568.0,TRADE_SPEND,NET_REVENUE_SHARE,DERIVED,final_v1.0.0
2023-12-01,CH01,VARIABLE_FULFILMENT,27406512.0,FULFILMENT,NET_REVENUE_SHARE,DERIVED,final_v1.0.0
2023-12-01,CH02,COGS,1121147289.6,AUTHORITATIVE_CHANNEL_MONTH_COGS,PRO_RATA_PRELIM_COGS,SIMULATED,final_v1.0.0
2023-12-01,CH02,CHANNEL_FEE,81373593.6,CHANNEL_FEE,NET_REVENUE_SHARE,DERIVED,final_v1.0.0
2023-12-01,CH02,TRADE_SPEND,66907176.96,TRADE_SPEND,NET_REVENUE_SHARE,DERIVED,final_v1.0.0
2023-12-01,CH02,VARIABLE_FULFILMENT,20365992.0,FULFILMENT,NET_REVENUE_SHARE,DERIVED,final_v1.0.0
2023-12-01,CH03,COGS,874115142.45,AUTHORITATIVE_CHANNEL_MONTH_COGS,PRO_RATA_PRELIM_COGS,SIMULATED,final_v1.0.0
2023-12-01,CH03,CHANNEL_FEE,160143232.2,CHANNEL_FEE,NET_REVENUE_SHARE,DERIVED,final_v1.0.0
2023-12-01,CH03,TRADE_SPEND,33363173.38,TRADE_SPEND,NET_REVENUE_SHARE,DERIVED,final_v1.0.0
2023-12-01,CH03,VARIABLE_FULFILMENT,14559288.0,FULFILMENT,NET_REVENUE_SHARE,DERIVED,final_v1.0.0
2023-12-01,CH04,COGS,431210496.0,AUTHORITATIVE_CHANNEL_MONTH_COGS,PRO_RATA_PRELIM_COGS,SIMULATED,final_v1.0.0
2023-12-01,CH04,CHANNEL_FEE,55640064.0,CHANNEL_FEE,NET_REVENUE_SHARE,DERIVED,final_v1.0.0
2023-12-01,CH04,TRADE_SPEND,17387520.0,TRADE_SPEND,NET_REVENUE_SHARE,DERIVED,final_v1.0.0
2023-12-01,CH04,VARIABLE_FULFILMENT,8161488.0,FULFILMENT,NET_REVENUE_SHARE,DERIVED,final_v1.0.0
2023-12-01,CH05,COGS,517452595.2,AUTHORITATIVE_CHANNEL_MONTH_COGS,PRO_RATA_PRELIM_COGS,SIMULATED,final_v1.0.0
2023-12-01,CH05,CHANNEL_FEE,16692019.2,CHANNEL_FEE,NET_REVENUE_SHARE,DERIVED,final_v1.0.0
2023-12-01,CH05,TRADE_SPEND,20865024.0,TRADE_SPEND,NET_REVENUE_SHARE,DERIVED,final_v1.0.0
2023-12-01,CH05,VARIABLE_FULFILMENT,8872200.0,FULFILMENT,NET_REVENUE_SHARE,DERIVED,final_v1.0.0
2024-01-01,CH01,COGS,1157544960.0,AUTHORITATIVE_CHANNEL_MONTH_COGS,PRO_RATA_PRELIM_COGS,SIMULATED,final_v1.0.0
2024-01-01,CH01,CHANNEL_FEE,65345280.0,CHANNEL_FEE,NET_REVENUE_SHARE,DERIVED,final_v1.0.0
2024-01-01,CH01,TRADE_SPEND,46675200.0,TRADE_SPEND,NET_REVENUE_SHARE,DERIVED,final_v1.0.0
2024-01-01,CH01,VARIABLE_FULFILMENT,21327624.0,FULFILMENT,NET_REVENUE_SHARE,DERIVED,final_v1.0.0
2024-01-01,CH02,COGS,885181440.0,AUTHORITATIVE_CHANNEL_MONTH_COGS,PRO_RATA_PRELIM_COGS,SIMULATED,final_v1.0.0
2024-01-01,CH02,CHANNEL_FEE,64247040.0,CHANNEL_FEE,NET_REVENUE_SHARE,DERIVED,final_v1.0.0
2024-01-01,CH02,TRADE_SPEND,52825344.0,TRADE_SPEND,NET_REVENUE_SHARE,DERIVED,final_v1.0.0
2024-01-01,CH02,VARIABLE_FULFILMENT,16221816.0,FULFILMENT,NET_REVENUE_SHARE,DERIVED,final_v1.0.0
2024-01-01,CH03,COGS,694026178.56,AUTHORITATIVE_CHANNEL_MONTH_COGS,PRO_RATA_PRELIM_COGS,SIMULATED,final_v1.0.0
2024-01-01,CH03,CHANNEL_FEE,127149834.24,CHANNEL_FEE,NET_REVENUE_SHARE,DERIVED,final_v1.0.0
2024-01-01,CH03,TRADE_SPEND,26489548.8,TRADE_SPEND,NET_REVENUE_SHARE,DERIVED,final_v1.0.0
2024-01-01,CH03,VARIABLE_FULFILMENT,11828028.0,FULFILMENT,NET_REVENUE_SHARE,DERIVED,final_v1.0.0
2024-01-01,CH04,COGS,340454400.0,AUTHORITATIVE_CHANNEL_MONTH_COGS,PRO_RATA_PRELIM_COGS,SIMULATED,final_v1.0.0
2024-01-01,CH04,CHANNEL_FEE,43929600.0,CHANNEL_FEE,NET_REVENUE_SHARE,DERIVED,final_v1.0.0
2024-01-01,CH04,TRADE_SPEND,13728000.0,TRADE_SPEND,NET_REVENUE_SHARE,DERIVED,final_v1.0.0
2024-01-01,CH04,VARIABLE_FULFILMENT,6285024.0,FULFILMENT,NET_REVENUE_SHARE,DERIVED,final_v1.0.0
2024-01-01,CH05,COGS,408545280.0,AUTHORITATIVE_CHANNEL_MONTH_COGS,PRO_RATA_PRELIM_COGS,SIMULATED,final_v1.0.0
2024-01-01,CH05,CHANNEL_FEE,13178880.0,CHANNEL_FEE,NET_REVENUE_SHARE,DERIVED,final_v1.0.0
2024-01-01,CH05,TRADE_SPEND,16473600.0,TRADE_SPEND,NET_REVENUE_SHARE,DERIVED,final_v1.0.0
2024-01-01,CH05,VARIABLE_FULFILMENT,8265456.0,FULFILMENT,NET_REVENUE_SHARE,DERIVED,final_v1.0.0
2024-02-01,CH01,COGS,1146293299.2,AUTHORITATIVE_CHANNEL_MONTH_COGS,PRO_RATA_PRELIM_COGS,SIMULATED,final_v1.0.0
2024-02-01,CH01,CHANNEL_FEE,64710105.6,CHANNEL_FEE,NET_REVENUE_SHARE,DERIVED,final_v1.0.0
2024-02-01,CH01,TRADE_SPEND,46221504.0,TRADE_SPEND,NET_REVENUE_SHARE,DERIVED,final_v1.0.0
2024-02-01,CH01,VARIABLE_FULFILMENT,20686536.0,FULFILMENT,NET_REVENUE_SHARE,DERIVED,final_v1.0.0
2024-02-01,CH02,COGS,876577228.8,AUTHORITATIVE_CHANNEL_MONTH_COGS,PRO_RATA_PRELIM_COGS,SIMULATED,final_v1.0.0
2024-02-01,CH02,CHANNEL_FEE,63622540.8,CHANNEL_FEE,NET_REVENUE_SHARE,DERIVED,final_v1.0.0
2024-02-01,CH02,TRADE_SPEND,52311866.88,TRADE_SPEND,NET_REVENUE_SHARE,DERIVED,final_v1.0.0
2024-02-01,CH02,VARIABLE_FULFILMENT,15866928.0,FULFILMENT,NET_REVENUE_SHARE,DERIVED,final_v1.0.0
2024-02-01,CH03,COGS,691126766.67,AUTHORITATIVE_CHANNEL_MONTH_COGS,PRO_RATA_PRELIM_COGS,SIMULATED,final_v1.0.0
2024-02-01,CH03,CHANNEL_FEE,126618644.28,CHANNEL_FEE,NET_REVENUE_SHARE,DERIVED,final_v1.0.0
2024-02-01,CH03,TRADE_SPEND,26378884.22,TRADE_SPEND,NET_REVENUE_SHARE,DERIVED,final_v1.0.0
2024-02-01,CH03,VARIABLE_FULFILMENT,11828028.0,FULFILMENT,NET_REVENUE_SHARE,DERIVED,final_v1.0.0
2024-02-01,CH04,COGS,337145088.0,AUTHORITATIVE_CHANNEL_MONTH_COGS,PRO_RATA_PRELIM_COGS,SIMULATED,final_v1.0.0
2024-02-01,CH04,CHANNEL_FEE,43502592.0,CHANNEL_FEE,NET_REVENUE_SHARE,DERIVED,final_v1.0.0
2024-02-01,CH04,TRADE_SPEND,13594560.0,TRADE_SPEND,NET_REVENUE_SHARE,DERIVED,final_v1.0.0
2024-02-01,CH04,VARIABLE_FULFILMENT,6285024.0,FULFILMENT,NET_REVENUE_SHARE,DERIVED,final_v1.0.0
2024-02-01,CH05,COGS,404574105.6,AUTHORITATIVE_CHANNEL_MONTH_COGS,PRO_RATA_PRELIM_COGS,SIMULATED,final_v1.0.0
2024-02-01,CH05,CHANNEL_FEE,13050777.6,CHANNEL_FEE,NET_REVENUE_SHARE,DERIVED,final_v1.0.0
2024-02-01,CH05,TRADE_SPEND,16313472.0,TRADE_SPEND,NET_REVENUE_SHARE,DERIVED,final_v1.0.0
2024-02-01,CH05,VARIABLE_FULFILMENT,8025048.0,FULFILMENT,NET_REVENUE_SHARE,DERIVED,final_v1.0.0
2024-03-01,CH01,COGS,1205465702.4,AUTHORITATIVE_CHANNEL_MONTH_COGS,PRO_RATA_PRELIM_COGS,SIMULATED,final_v1.0.0
2024-03-01,CH01,CHANNEL_FEE,68050483.2,CHANNEL_FEE,NET_REVENUE_SHARE,DERIVED,final_v1.0.0
2024-03-01,CH01,TRADE_SPEND,48607488.0,TRADE_SPEND,NET_REVENUE_SHARE,DERIVED,final_v1.0.0
2024-03-01,CH01,VARIABLE_FULFILMENT,22564008.0,FULFILMENT,NET_REVENUE_SHARE,DERIVED,final_v1.0.0
2024-03-01,CH02,COGS,921826713.6,AUTHORITATIVE_CHANNEL_MONTH_COGS,PRO_RATA_PRELIM_COGS,SIMULATED,final_v1.0.0
2024-03-01,CH02,CHANNEL_FEE,66906777.6,CHANNEL_FEE,NET_REVENUE_SHARE,DERIVED,final_v1.0.0
2024-03-01,CH02,TRADE_SPEND,55012239.36,TRADE_SPEND,NET_REVENUE_SHARE,DERIVED,final_v1.0.0
2024-03-01,CH02,VARIABLE_FULFILMENT,17194896.0,FULFILMENT,NET_REVENUE_SHARE,DERIVED,final_v1.0.0
2024-03-01,CH03,COGS,730848465.1,AUTHORITATIVE_CHANNEL_MONTH_COGS,PRO_RATA_PRELIM_COGS,SIMULATED,final_v1.0.0
2024-03-01,CH03,CHANNEL_FEE,133895902.0,CHANNEL_FEE,NET_REVENUE_SHARE,DERIVED,final_v1.0.0
2024-03-01,CH03,TRADE_SPEND,27894979.58,TRADE_SPEND,NET_REVENUE_SHARE,DERIVED,final_v1.0.0
2024-03-01,CH03,VARIABLE_FULFILMENT,12441168.0,FULFILMENT,NET_REVENUE_SHARE,DERIVED,final_v1.0.0
2024-03-01,CH04,COGS,354548736.0,AUTHORITATIVE_CHANNEL_MONTH_COGS,PRO_RATA_PRELIM_COGS,SIMULATED,final_v1.0.0
2024-03-01,CH04,CHANNEL_FEE,45748224.0,CHANNEL_FEE,NET_REVENUE_SHARE,DERIVED,final_v1.0.0
2024-03-01,CH04,TRADE_SPEND,14296320.0,TRADE_SPEND,NET_REVENUE_SHARE,DERIVED,final_v1.0.0
2024-03-01,CH04,VARIABLE_FULFILMENT,6285024.0,FULFILMENT,NET_REVENUE_SHARE,DERIVED,final_v1.0.0
2024-03-01,CH05,COGS,425458483.2,AUTHORITATIVE_CHANNEL_MONTH_COGS,PRO_RATA_PRELIM_COGS,SIMULATED,final_v1.0.0
2024-03-01,CH05,CHANNEL_FEE,13724467.2,CHANNEL_FEE,NET_REVENUE_SHARE,DERIVED,final_v1.0.0
2024-03-01,CH05,TRADE_SPEND,17155584.0,TRADE_SPEND,NET_REVENUE_SHARE,DERIVED,final_v1.0.0
2024-03-01,CH05,VARIABLE_FULFILMENT,8265456.0,FULFILMENT,NET_REVENUE_SHARE,DERIVED,final_v1.0.0
2024-04-01,CH01,COGS,1229790336.0,AUTHORITATIVE_CHANNEL_MONTH_COGS,PRO_RATA_PRELIM_COGS,SIMULATED,final_v1.0.0
2024-04-01,CH01,CHANNEL_FEE,69423648.0,CHANNEL_FEE,NET_REVENUE_SHARE,DERIVED,final_v1.0.0
2024-04-01,CH01,TRADE_SPEND,49588320.0,TRADE_SPEND,NET_REVENUE_SHARE,DERIVED,final_v1.0.0
2024-04-01,CH01,VARIABLE_FULFILMENT,23216544.0,FULFILMENT,NET_REVENUE_SHARE,DERIVED,final_v1.0.0
2024-04-01,CH02,COGS,940427904.0,AUTHORITATIVE_CHANNEL_MONTH_COGS,PRO_RATA_PRELIM_COGS,SIMULATED,final_v1.0.0
2024-04-01,CH02,CHANNEL_FEE,68256864.0,CHANNEL_FEE,NET_REVENUE_SHARE,DERIVED,final_v1.0.0
2024-04-01,CH02,TRADE_SPEND,56122310.4,TRADE_SPEND,NET_REVENUE_SHARE,DERIVED,final_v1.0.0
2024-04-01,CH02,VARIABLE_FULFILMENT,17538336.0,FULFILMENT,NET_REVENUE_SHARE,DERIVED,final_v1.0.0
2024-04-01,CH03,COGS,749722893.12,AUTHORITATIVE_CHANNEL_MONTH_COGS,PRO_RATA_PRELIM_COGS,SIMULATED,final_v1.0.0
2024-04-01,CH03,CHANNEL_FEE,137353812.48,CHANNEL_FEE,NET_REVENUE_SHARE,DERIVED,final_v1.0.0
2024-04-01,CH03,TRADE_SPEND,28615377.6,TRADE_SPEND,NET_REVENUE_SHARE,DERIVED,final_v1.0.0
2024-04-01,CH03,VARIABLE_FULFILMENT,12441168.0,FULFILMENT,NET_REVENUE_SHARE,DERIVED,final_v1.0.0
2024-04-01,CH04,COGS,361703040.0,AUTHORITATIVE_CHANNEL_MONTH_COGS,PRO_RATA_PRELIM_COGS,SIMULATED,final_v1.0.0
2024-04-01,CH04,CHANNEL_FEE,46671360.0,CHANNEL_FEE,NET_REVENUE_SHARE,DERIVED,final_v1.0.0
2024-04-01,CH04,TRADE_SPEND,14584800.0,TRADE_SPEND,NET_REVENUE_SHARE,DERIVED,final_v1.0.0
2024-04-01,CH04,VARIABLE_FULFILMENT,6285024.0,FULFILMENT,NET_REVENUE_SHARE,DERIVED,final_v1.0.0
2024-04-01,CH05,COGS,434043648.0,AUTHORITATIVE_CHANNEL_MONTH_COGS,PRO_RATA_PRELIM_COGS,SIMULATED,final_v1.0.0
2024-04-01,CH05,CHANNEL_FEE,14001408.0,CHANNEL_FEE,NET_REVENUE_SHARE,DERIVED,final_v1.0.0
2024-04-01,CH05,TRADE_SPEND,17501760.0,TRADE_SPEND,NET_REVENUE_SHARE,DERIVED,final_v1.0.0
2024-04-01,CH05,VARIABLE_FULFILMENT,8586000.0,FULFILMENT,NET_REVENUE_SHARE,DERIVED,final_v1.0.0
2024-05-01,CH01,COGS,1218174412.8,AUTHORITATIVE_CHANNEL_MONTH_COGS,PRO_RATA_PRELIM_COGS,SIMULATED,final_v1.0.0
2024-05-01,CH01,CHANNEL_FEE,68767910.4,CHANNEL_FEE,NET_REVENUE_SHARE,DERIVED,final_v1.0.0
2024-05-01,CH01,TRADE_SPEND,49119936.0,TRADE_SPEND,NET_REVENUE_SHARE,DERIVED,final_v1.0.0
2024-05-01,CH01,VARIABLE_FULFILMENT,22564008.0,FULFILMENT,NET_REVENUE_SHARE,DERIVED,final_v1.0.0
2024-05-01,CH02,COGS,931545139.2,AUTHORITATIVE_CHANNEL_MONTH_COGS,PRO_RATA_PRELIM_COGS,SIMULATED,final_v1.0.0
2024-05-01,CH02,CHANNEL_FEE,67612147.2,CHANNEL_FEE,NET_REVENUE_SHARE,DERIVED,final_v1.0.0
2024-05-01,CH02,TRADE_SPEND,55592209.92,TRADE_SPEND,NET_REVENUE_SHARE,DERIVED,final_v1.0.0
2024-05-01,CH02,VARIABLE_FULFILMENT,17538336.0,FULFILMENT,NET_REVENUE_SHARE,DERIVED,final_v1.0.0
2024-05-01,CH03,COGS,746729357.41,AUTHORITATIVE_CHANNEL_MONTH_COGS,PRO_RATA_PRELIM_COGS,SIMULATED,final_v1.0.0
2024-05-01,CH03,CHANNEL_FEE,136805378.46,CHANNEL_FEE,NET_REVENUE_SHARE,DERIVED,final_v1.0.0
2024-05-01,CH03,TRADE_SPEND,28501120.51,TRADE_SPEND,NET_REVENUE_SHARE,DERIVED,final_v1.0.0
2024-05-01,CH03,VARIABLE_FULFILMENT,12441168.0,FULFILMENT,NET_REVENUE_SHARE,DERIVED,final_v1.0.0
2024-05-01,CH04,COGS,358286592.0,AUTHORITATIVE_CHANNEL_MONTH_COGS,PRO_RATA_PRELIM_COGS,SIMULATED,final_v1.0.0
2024-05-01,CH04,CHANNEL_FEE,46230528.0,CHANNEL_FEE,NET_REVENUE_SHARE,DERIVED,final_v1.0.0
2024-05-01,CH04,TRADE_SPEND,14447040.0,TRADE_SPEND,NET_REVENUE_SHARE,DERIVED,final_v1.0.0
2024-05-01,CH04,VARIABLE_FULFILMENT,6285024.0,FULFILMENT,NET_REVENUE_SHARE,DERIVED,final_v1.0.0
2024-05-01,CH05,COGS,429943910.4,AUTHORITATIVE_CHANNEL_MONTH_COGS,PRO_RATA_PRELIM_COGS,SIMULATED,final_v1.0.0
2024-05-01,CH05,CHANNEL_FEE,13869158.4,CHANNEL_FEE,NET_REVENUE_SHARE,DERIVED,final_v1.0.0
2024-05-01,CH05,TRADE_SPEND,17336448.0,TRADE_SPEND,NET_REVENUE_SHARE,DERIVED,final_v1.0.0
2024-05-01,CH05,VARIABLE_FULFILMENT,8265456.0,FULFILMENT,NET_REVENUE_SHARE,DERIVED,final_v1.0.0
2024-06-01,CH01,COGS,1218255360.0,AUTHORITATIVE_CHANNEL_MONTH_COGS,PRO_RATA_PRELIM_COGS,SIMULATED,final_v1.0.0
2024-06-01,CH01,CHANNEL_FEE,68772480.0,CHANNEL_FEE,NET_REVENUE_SHARE,DERIVED,final_v1.0.0
2024-06-01,CH01,TRADE_SPEND,49123200.0,TRADE_SPEND,NET_REVENUE_SHARE,DERIVED,final_v1.0.0
2024-06-01,CH01,VARIABLE_FULFILMENT,22564008.0,FULFILMENT,NET_REVENUE_SHARE,DERIVED,final_v1.0.0
2024-06-01,CH02,COGS,931607040.0,AUTHORITATIVE_CHANNEL_MONTH_COGS,PRO_RATA_PRELIM_COGS,SIMULATED,final_v1.0.0
2024-06-01,CH02,CHANNEL_FEE,67616640.0,CHANNEL_FEE,NET_REVENUE_SHARE,DERIVED,final_v1.0.0
2024-06-01,CH02,TRADE_SPEND,55595904.0,TRADE_SPEND,NET_REVENUE_SHARE,DERIVED,final_v1.0.0
2024-06-01,CH02,VARIABLE_FULFILMENT,17538336.0,FULFILMENT,NET_REVENUE_SHARE,DERIVED,final_v1.0.0
2024-06-01,CH03,COGS,750867183.36,AUTHORITATIVE_CHANNEL_MONTH_COGS,PRO_RATA_PRELIM_COGS,SIMULATED,final_v1.0.0
2024-06-01,CH03,CHANNEL_FEE,137563453.44,CHANNEL_FEE,NET_REVENUE_SHARE,DERIVED,final_v1.0.0
2024-06-01,CH03,TRADE_SPEND,28659052.8,TRADE_SPEND,NET_REVENUE_SHARE,DERIVED,final_v1.0.0
2024-06-01,CH03,VARIABLE_FULFILMENT,12441168.0,FULFILMENT,NET_REVENUE_SHARE,DERIVED,final_v1.0.0
2024-06-01,CH04,COGS,358310400.0,AUTHORITATIVE_CHANNEL_MONTH_COGS,PRO_RATA_PRELIM_COGS,SIMULATED,final_v1.0.0
2024-06-01,CH04,CHANNEL_FEE,46233600.0,CHANNEL_FEE,NET_REVENUE_SHARE,DERIVED,final_v1.0.0
2024-06-01,CH04,TRADE_SPEND,14448000.0,TRADE_SPEND,NET_REVENUE_SHARE,DERIVED,final_v1.0.0
2024-06-01,CH04,VARIABLE_FULFILMENT,6285024.0,FULFILMENT,NET_REVENUE_SHARE,DERIVED,final_v1.0.0
2024-06-01,CH05,COGS,429972480.0,AUTHORITATIVE_CHANNEL_MONTH_COGS,PRO_RATA_PRELIM_COGS,SIMULATED,final_v1.0.0
2024-06-01,CH05,CHANNEL_FEE,13870080.0,CHANNEL_FEE,NET_REVENUE_SHARE,DERIVED,final_v1.0.0
2024-06-01,CH05,TRADE_SPEND,17337600.0,TRADE_SPEND,NET_REVENUE_SHARE,DERIVED,final_v1.0.0
2024-06-01,CH05,VARIABLE_FULFILMENT,8265456.0,FULFILMENT,NET_REVENUE_SHARE,DERIVED,final_v1.0.0
2024-07-01,CH01,COGS,1218093465.6,AUTHORITATIVE_CHANNEL_MONTH_COGS,PRO_RATA_PRELIM_COGS,SIMULATED,final_v1.0.0
2024-07-01,CH01,CHANNEL_FEE,68763340.8,CHANNEL_FEE,NET_REVENUE_SHARE,DERIVED,final_v1.0.0
2024-07-01,CH01,TRADE_SPEND,49116672.0,TRADE_SPEND,NET_REVENUE_SHARE,DERIVED,final_v1.0.0
2024-07-01,CH01,VARIABLE_FULFILMENT,22564008.0,FULFILMENT,NET_REVENUE_SHARE,DERIVED,final_v1.0.0
2024-07-01,CH02,COGS,931483238.4,AUTHORITATIVE_CHANNEL_MONTH_COGS,PRO_RATA_PRELIM_COGS,SIMULATED,final_v1.0.0
2024-07-01,CH02,CHANNEL_FEE,67607654.4,CHANNEL_FEE,NET_REVENUE_SHARE,DERIVED,final_v1.0.0
2024-07-01,CH02,TRADE_SPEND,55588515.84,TRADE_SPEND,NET_REVENUE_SHARE,DERIVED,final_v1.0.0
2024-07-01,CH02,VARIABLE_FULFILMENT,17538336.0,FULFILMENT,NET_REVENUE_SHARE,DERIVED,final_v1.0.0
2024-07-01,CH03,COGS,772141820.31,AUTHORITATIVE_CHANNEL_MONTH_COGS,PRO_RATA_PRELIM_COGS,SIMULATED,final_v1.0.0
2024-07-01,CH03,CHANNEL_FEE,138294057.37,CHANNEL_FEE,NET_REVENUE_SHARE,DERIVED,final_v1.0.0
2024-07-01,CH03,TRADE_SPEND,28811261.95,TRADE_SPEND,NET_REVENUE_SHARE,DERIVED,final_v1.0.0
2024-07-01,CH03,VARIABLE_FULFILMENT,12697572.0,FULFILMENT,NET_REVENUE_SHARE,DERIVED,final_v1.0.0
2024-07-01,CH04,COGS,358262784.0,AUTHORITATIVE_CHANNEL_MONTH_COGS,PRO_RATA_PRELIM_COGS,SIMULATED,final_v1.0.0
2024-07-01,CH04,CHANNEL_FEE,46227456.0,CHANNEL_FEE,NET_REVENUE_SHARE,DERIVED,final_v1.0.0
2024-07-01,CH04,TRADE_SPEND,14446080.0,TRADE_SPEND,NET_REVENUE_SHARE,DERIVED,final_v1.0.0
2024-07-01,CH04,VARIABLE_FULFILMENT,6285024.0,FULFILMENT,NET_REVENUE_SHARE,DERIVED,final_v1.0.0
2024-07-01,CH05,COGS,429915340.8,AUTHORITATIVE_CHANNEL_MONTH_COGS,PRO_RATA_PRELIM_COGS,SIMULATED,final_v1.0.0
2024-07-01,CH05,CHANNEL_FEE,13868236.8,CHANNEL_FEE,NET_REVENUE_SHARE,DERIVED,final_v1.0.0
2024-07-01,CH05,TRADE_SPEND,17335296.0,TRADE_SPEND,NET_REVENUE_SHARE,DERIVED,final_v1.0.0
2024-07-01,CH05,VARIABLE_FULFILMENT,8265456.0,FULFILMENT,NET_REVENUE_SHARE,DERIVED,final_v1.0.0
2024-08-01,CH01,COGS,1254964915.2,AUTHORITATIVE_CHANNEL_MONTH_COGS,PRO_RATA_PRELIM_COGS,SIMULATED,final_v1.0.0
2024-08-01,CH01,CHANNEL_FEE,70844793.6,CHANNEL_FEE,NET_REVENUE_SHARE,DERIVED,final_v1.0.0
2024-08-01,CH01,TRADE_SPEND,50603424.0,TRADE_SPEND,NET_REVENUE_SHARE,DERIVED,final_v1.0.0
2024-08-01,CH01,VARIABLE_FULFILMENT,23216544.0,FULFILMENT,NET_REVENUE_SHARE,DERIVED,final_v1.0.0
2024-08-01,CH02,COGS,959679052.8,AUTHORITATIVE_CHANNEL_MONTH_COGS,PRO_RATA_PRELIM_COGS,SIMULATED,final_v1.0.0
2024-08-01,CH02,CHANNEL_FEE,69654124.8,CHANNEL_FEE,NET_REVENUE_SHARE,DERIVED,final_v1.0.0
2024-08-01,CH02,TRADE_SPEND,57271169.28,TRADE_SPEND,NET_REVENUE_SHARE,DERIVED,final_v1.0.0
2024-08-01,CH02,VARIABLE_FULFILMENT,18442728.0,FULFILMENT,NET_REVENUE_SHARE,DERIVED,final_v1.0.0
2024-08-01,CH03,COGS,799822241.05,AUTHORITATIVE_CHANNEL_MONTH_COGS,PRO_RATA_PRELIM_COGS,SIMULATED,final_v1.0.0
2024-08-01,CH03,CHANNEL_FEE,143251744.67,CHANNEL_FEE,NET_REVENUE_SHARE,DERIVED,final_v1.0.0
2024-08-01,CH03,TRADE_SPEND,29844113.47,TRADE_SPEND,NET_REVENUE_SHARE,DERIVED,final_v1.0.0
2024-08-01,CH03,VARIABLE_FULFILMENT,13578264.0,FULFILMENT,NET_REVENUE_SHARE,DERIVED,final_v1.0.0
2024-08-01,CH04,COGS,369107328.0,AUTHORITATIVE_CHANNEL_MONTH_COGS,PRO_RATA_PRELIM_COGS,SIMULATED,final_v1.0.0
2024-08-01,CH04,CHANNEL_FEE,47626752.0,CHANNEL_FEE,NET_REVENUE_SHARE,DERIVED,final_v1.0.0
2024-08-01,CH04,TRADE_SPEND,14883360.0,TRADE_SPEND,NET_REVENUE_SHARE,DERIVED,final_v1.0.0
2024-08-01,CH04,VARIABLE_FULFILMENT,6285024.0,FULFILMENT,NET_REVENUE_SHARE,DERIVED,final_v1.0.0
2024-08-01,CH05,COGS,442928793.6,AUTHORITATIVE_CHANNEL_MONTH_COGS,PRO_RATA_PRELIM_COGS,SIMULATED,final_v1.0.0
2024-08-01,CH05,CHANNEL_FEE,14288025.6,CHANNEL_FEE,NET_REVENUE_SHARE,DERIVED,final_v1.0.0
2024-08-01,CH05,TRADE_SPEND,17860032.0,TRADE_SPEND,NET_REVENUE_SHARE,DERIVED,final_v1.0.0
2024-08-01,CH05,VARIABLE_FULFILMENT,8586000.0,FULFILMENT,NET_REVENUE_SHARE,DERIVED,final_v1.0.0
2024-09-01,CH01,COGS,1304868864.0,AUTHORITATIVE_CHANNEL_MONTH_COGS,PRO_RATA_PRELIM_COGS,SIMULATED,final_v1.0.0
2024-09-01,CH01,CHANNEL_FEE,73661952.0,CHANNEL_FEE,NET_REVENUE_SHARE,DERIVED,final_v1.0.0
2024-09-01,CH01,TRADE_SPEND,52615680.0,TRADE_SPEND,NET_REVENUE_SHARE,DERIVED,final_v1.0.0
2024-09-01,CH01,VARIABLE_FULFILMENT,24223968.0,FULFILMENT,NET_REVENUE_SHARE,DERIVED,final_v1.0.0
2024-09-01,CH02,COGS,997840896.0,AUTHORITATIVE_CHANNEL_MONTH_COGS,PRO_RATA_PRELIM_COGS,SIMULATED,final_v1.0.0
2024-09-01,CH02,CHANNEL_FEE,72423936.0,CHANNEL_FEE,NET_REVENUE_SHARE,DERIVED,final_v1.0.0
2024-09-01,CH02,TRADE_SPEND,59548569.6,TRADE_SPEND,NET_REVENUE_SHARE,DERIVED,final_v1.0.0
2024-09-01,CH02,VARIABLE_FULFILMENT,18442728.0,FULFILMENT,NET_REVENUE_SHARE,DERIVED,final_v1.0.0
2024-09-01,CH03,COGS,836106485.76,AUTHORITATIVE_CHANNEL_MONTH_COGS,PRO_RATA_PRELIM_COGS,SIMULATED,final_v1.0.0
2024-09-01,CH03,CHANNEL_FEE,149750415.36,CHANNEL_FEE,NET_REVENUE_SHARE,DERIVED,final_v1.0.0
2024-09-01,CH03,TRADE_SPEND,31198003.2,TRADE_SPEND,NET_REVENUE_SHARE,DERIVED,final_v1.0.0
2024-09-01,CH03,VARIABLE_FULFILMENT,13845816.0,FULFILMENT,NET_REVENUE_SHARE,DERIVED,final_v1.0.0
2024-09-01,CH04,COGS,383784960.0,AUTHORITATIVE_CHANNEL_MONTH_COGS,PRO_RATA_PRELIM_COGS,SIMULATED,final_v1.0.0
2024-09-01,CH04,CHANNEL_FEE,49520640.0,CHANNEL_FEE,NET_REVENUE_SHARE,DERIVED,final_v1.0.0
2024-09-01,CH04,TRADE_SPEND,15475200.0,TRADE_SPEND,NET_REVENUE_SHARE,DERIVED,final_v1.0.0
2024-09-01,CH04,VARIABLE_FULFILMENT,6646752.0,FULFILMENT,NET_REVENUE_SHARE,DERIVED,final_v1.0.0
2024-09-01,CH05,COGS,460541952.0,AUTHORITATIVE_CHANNEL_MONTH_COGS,PRO_RATA_PRELIM_COGS,SIMULATED,final_v1.0.0
2024-09-01,CH05,CHANNEL_FEE,14856192.0,CHANNEL_FEE,NET_REVENUE_SHARE,DERIVED,final_v1.0.0
2024-09-01,CH05,TRADE_SPEND,18570240.0,TRADE_SPEND,NET_REVENUE_SHARE,DERIVED,final_v1.0.0
2024-09-01,CH05,VARIABLE_FULFILMENT,8586000.0,FULFILMENT,NET_REVENUE_SHARE,DERIVED,final_v1.0.0
2024-10-01,CH01,COGS,1368169574.4,AUTHORITATIVE_CHANNEL_MONTH_COGS,PRO_RATA_PRELIM_COGS,SIMULATED,final_v1.0.0
2024-10-01,CH01,CHANNEL_FEE,77235379.2,CHANNEL_FEE,NET_REVENUE_SHARE,DERIVED,final_v1.0.0
2024-10-01,CH01,TRADE_SPEND,55168128.0,TRADE_SPEND,NET_REVENUE_SHARE,DERIVED,final_v1.0.0
2024-10-01,CH01,VARIABLE_FULFILMENT,25517592.0,FULFILMENT,NET_REVENUE_SHARE,DERIVED,final_v1.0.0
2024-10-01,CH02,COGS,1046247321.6,AUTHORITATIVE_CHANNEL_MONTH_COGS,PRO_RATA_PRELIM_COGS,SIMULATED,final_v1.0.0
2024-10-01,CH02,CHANNEL_FEE,75937305.6,CHANNEL_FEE,NET_REVENUE_SHARE,DERIVED,final_v1.0.0
2024-10-01,CH02,TRADE_SPEND,62437340.16,TRADE_SPEND,NET_REVENUE_SHARE,DERIVED,final_v1.0.0
2024-10-01,CH02,VARIABLE_FULFILMENT,19473048.0,FULFILMENT,NET_REVENUE_SHARE,DERIVED,final_v1.0.0
2024-10-01,CH03,COGS,881363416.78,AUTHORITATIVE_CHANNEL_MONTH_COGS,PRO_RATA_PRELIM_COGS,SIMULATED,final_v1.0.0
2024-10-01,CH03,CHANNEL_FEE,157856134.35,CHANNEL_FEE,NET_REVENUE_SHARE,DERIVED,final_v1.0.0
2024-10-01,CH03,TRADE_SPEND,32886694.66,TRADE_SPEND,NET_REVENUE_SHARE,DERIVED,final_v1.0.0
2024-10-01,CH03,VARIABLE_FULFILMENT,14559288.0,FULFILMENT,NET_REVENUE_SHARE,DERIVED,final_v1.0.0
2024-10-01,CH04,COGS,402402816.0,AUTHORITATIVE_CHANNEL_MONTH_COGS,PRO_RATA_PRELIM_COGS,SIMULATED,final_v1.0.0
2024-10-01,CH04,CHANNEL_FEE,51922944.0,CHANNEL_FEE,NET_REVENUE_SHARE,DERIVED,final_v1.0.0
2024-10-01,CH04,TRADE_SPEND,16225920.0,TRADE_SPEND,NET_REVENUE_SHARE,DERIVED,final_v1.0.0
2024-10-01,CH04,VARIABLE_FULFILMENT,7924104.0,FULFILMENT,NET_REVENUE_SHARE,DERIVED,final_v1.0.0
2024-10-01,CH05,COGS,482883379.2,AUTHORITATIVE_CHANNEL_MONTH_COGS,PRO_RATA_PRELIM_COGS,SIMULATED,final_v1.0.0
2024-10-01,CH05,CHANNEL_FEE,15576883.2,CHANNEL_FEE,NET_REVENUE_SHARE,DERIVED,final_v1.0.0
2024-10-01,CH05,TRADE_SPEND,19471104.0,TRADE_SPEND,NET_REVENUE_SHARE,DERIVED,final_v1.0.0
2024-10-01,CH05,VARIABLE_FULFILMENT,8586000.0,FULFILMENT,NET_REVENUE_SHARE,DERIVED,final_v1.0.0
2024-11-01,CH01,COGS,1509179596.8,AUTHORITATIVE_CHANNEL_MONTH_COGS,PRO_RATA_PRELIM_COGS,SIMULATED,final_v1.0.0
2024-11-01,CH01,CHANNEL_FEE,85195622.4,CHANNEL_FEE,NET_REVENUE_SHARE,DERIVED,final_v1.0.0
2024-11-01,CH01,TRADE_SPEND,158220441.6,TRADE_SPEND,NET_REVENUE_SHARE,DERIVED,final_v1.0.0
2024-11-01,CH01,VARIABLE_FULFILMENT,27110160.0,FULFILMENT,NET_REVENUE_SHARE,DERIVED,final_v1.0.0
2024-11-01,CH02,COGS,1154078515.2,AUTHORITATIVE_CHANNEL_MONTH_COGS,PRO_RATA_PRELIM_COGS,SIMULATED,final_v1.0.0
2024-11-01,CH02,CHANNEL_FEE,83763763.2,CHANNEL_FEE,NET_REVENUE_SHARE,DERIVED,final_v1.0.0
2024-11-01,CH02,TRADE_SPEND,143329105.92,TRADE_SPEND,NET_REVENUE_SHARE,DERIVED,final_v1.0.0
2024-11-01,CH02,VARIABLE_FULFILMENT,20335392.0,FULFILMENT,NET_REVENUE_SHARE,DERIVED,final_v1.0.0
2024-11-01,CH03,COGS,977381362.48,AUTHORITATIVE_CHANNEL_MONTH_COGS,PRO_RATA_PRELIM_COGS,SIMULATED,final_v1.0.0
2024-11-01,CH03,CHANNEL_FEE,175053378.36,CHANNEL_FEE,NET_REVENUE_SHARE,DERIVED,final_v1.0.0
2024-11-01,CH03,TRADE_SPEND,94820579.94,TRADE_SPEND,NET_REVENUE_SHARE,DERIVED,final_v1.0.0
2024-11-01,CH03,VARIABLE_FULFILMENT,16203576.0,FULFILMENT,NET_REVENUE_SHARE,DERIVED,final_v1.0.0
2024-11-01,CH04,COGS,443876352.0,AUTHORITATIVE_CHANNEL_MONTH_COGS,PRO_RATA_PRELIM_COGS,SIMULATED,final_v1.0.0
2024-11-01,CH04,CHANNEL_FEE,57274368.0,CHANNEL_FEE,NET_REVENUE_SHARE,DERIVED,final_v1.0.0
2024-11-01,CH04,TRADE_SPEND,46535424.0,TRADE_SPEND,NET_REVENUE_SHARE,DERIVED,final_v1.0.0
2024-11-01,CH04,VARIABLE_FULFILMENT,8208000.0,FULFILMENT,NET_REVENUE_SHARE,DERIVED,final_v1.0.0
2024-11-01,CH05,COGS,532651622.4,AUTHORITATIVE_CHANNEL_MONTH_COGS,PRO_RATA_PRELIM_COGS,SIMULATED,final_v1.0.0
2024-11-01,CH05,CHANNEL_FEE,17182310.4,CHANNEL_FEE,NET_REVENUE_SHARE,DERIVED,final_v1.0.0
2024-11-01,CH05,TRADE_SPEND,55842508.8,TRADE_SPEND,NET_REVENUE_SHARE,DERIVED,final_v1.0.0
2024-11-01,CH05,VARIABLE_FULFILMENT,9158688.0,FULFILMENT,NET_REVENUE_SHARE,DERIVED,final_v1.0.0
2024-12-01,CH01,COGS,1652618035.2,AUTHORITATIVE_CHANNEL_MONTH_COGS,PRO_RATA_PRELIM_COGS,SIMULATED,final_v1.0.0
2024-12-01,CH01,CHANNEL_FEE,93292953.6,CHANNEL_FEE,NET_REVENUE_SHARE,DERIVED,final_v1.0.0
2024-12-01,CH01,TRADE_SPEND,66637824.0,TRADE_SPEND,NET_REVENUE_SHARE,DERIVED,final_v1.0.0
2024-12-01,CH01,VARIABLE_FULFILMENT,30543264.0,FULFILMENT,NET_REVENUE_SHARE,DERIVED,final_v1.0.0
2024-12-01,CH02,COGS,1263766732.8,AUTHORITATIVE_CHANNEL_MONTH_COGS,PRO_RATA_PRELIM_COGS,SIMULATED,final_v1.0.0
2024-12-01,CH02,CHANNEL_FEE,91725004.8,CHANNEL_FEE,NET_REVENUE_SHARE,DERIVED,final_v1.0.0
2024-12-01,CH02,TRADE_SPEND,75418337.28,TRADE_SPEND,NET_REVENUE_SHARE,DERIVED,final_v1.0.0
2024-12-01,CH02,VARIABLE_FULFILMENT,23502744.0,FULFILMENT,NET_REVENUE_SHARE,DERIVED,final_v1.0.0
2024-12-01,CH03,COGS,1075948417.84,AUTHORITATIVE_CHANNEL_MONTH_COGS,PRO_RATA_PRELIM_COGS,SIMULATED,final_v1.0.0
2024-12-01,CH03,CHANNEL_FEE,192707179.32,CHANNEL_FEE,NET_REVENUE_SHARE,DERIVED,final_v1.0.0
2024-12-01,CH03,TRADE_SPEND,40147329.02,TRADE_SPEND,NET_REVENUE_SHARE,DERIVED,final_v1.0.0
2024-12-01,CH03,VARIABLE_FULFILMENT,17959428.0,FULFILMENT,NET_REVENUE_SHARE,DERIVED,final_v1.0.0
2024-12-01,CH04,COGS,486064128.0,AUTHORITATIVE_CHANNEL_MONTH_COGS,PRO_RATA_PRELIM_COGS,SIMULATED,final_v1.0.0
2024-12-01,CH04,CHANNEL_FEE,62717952.0,CHANNEL_FEE,NET_REVENUE_SHARE,DERIVED,final_v1.0.0
2024-12-01,CH04,TRADE_SPEND,19599360.0,TRADE_SPEND,NET_REVENUE_SHARE,DERIVED,final_v1.0.0
2024-12-01,CH04,VARIABLE_FULFILMENT,8760600.0,FULFILMENT,NET_REVENUE_SHARE,DERIVED,final_v1.0.0
2024-12-01,CH05,COGS,583276953.6,AUTHORITATIVE_CHANNEL_MONTH_COGS,PRO_RATA_PRELIM_COGS,SIMULATED,final_v1.0.0
2024-12-01,CH05,CHANNEL_FEE,18815385.6,CHANNEL_FEE,NET_REVENUE_SHARE,DERIVED,final_v1.0.0
2024-12-01,CH05,TRADE_SPEND,23519232.0,TRADE_SPEND,NET_REVENUE_SHARE,DERIVED,final_v1.0.0
2024-12-01,CH05,VARIABLE_FULFILMENT,11127456.0,FULFILMENT,NET_REVENUE_SHARE,DERIVED,final_v1.0.0
2025-01-01,CH01,COGS,1303249920.0,AUTHORITATIVE_CHANNEL_MONTH_COGS,PRO_RATA_PRELIM_COGS,SIMULATED,final_v1.0.0
2025-01-01,CH01,CHANNEL_FEE,73570560.0,CHANNEL_FEE,NET_REVENUE_SHARE,DERIVED,final_v1.0.0
2025-01-01,CH01,TRADE_SPEND,52550400.0,TRADE_SPEND,NET_REVENUE_SHARE,DERIVED,final_v1.0.0
2025-01-01,CH01,VARIABLE_FULFILMENT,24223968.0,FULFILMENT,NET_REVENUE_SHARE,DERIVED,final_v1.0.0
2025-01-01,CH02,COGS,996602880.0,AUTHORITATIVE_CHANNEL_MONTH_COGS,PRO_RATA_PRELIM_COGS,SIMULATED,final_v1.0.0
2025-01-01,CH02,CHANNEL_FEE,72334080.0,CHANNEL_FEE,NET_REVENUE_SHARE,DERIVED,final_v1.0.0
2025-01-01,CH02,TRADE_SPEND,59474688.0,TRADE_SPEND,NET_REVENUE_SHARE,DERIVED,final_v1.0.0
2025-01-01,CH02,VARIABLE_FULFILMENT,18442728.0,FULFILMENT,NET_REVENUE_SHARE,DERIVED,final_v1.0.0
2025-01-01,CH03,COGS,852963471.36,AUTHORITATIVE_CHANNEL_MONTH_COGS,PRO_RATA_PRELIM_COGS,SIMULATED,final_v1.0.0
2025-01-01,CH03,CHANNEL_FEE,152769576.96,CHANNEL_FEE,NET_REVENUE_SHARE,DERIVED,final_v1.0.0
2025-01-01,CH03,TRADE_SPEND,31826995.2,TRADE_SPEND,NET_REVENUE_SHARE,DERIVED,final_v1.0.0
2025-01-01,CH03,VARIABLE_FULFILMENT,14559288.0,FULFILMENT,NET_REVENUE_SHARE,DERIVED,final_v1.0.0
2025-01-01,CH04,COGS,383308800.0,AUTHORITATIVE_CHANNEL_MONTH_COGS,PRO_RATA_PRELIM_COGS,SIMULATED,final_v1.0.0
2025-01-01,CH04,CHANNEL_FEE,49459200.0,CHANNEL_FEE,NET_REVENUE_SHARE,DERIVED,final_v1.0.0
2025-01-01,CH04,TRADE_SPEND,15456000.0,TRADE_SPEND,NET_REVENUE_SHARE,DERIVED,final_v1.0.0
2025-01-01,CH04,VARIABLE_FULFILMENT,6646752.0,FULFILMENT,NET_REVENUE_SHARE,DERIVED,final_v1.0.0
2025-01-01,CH05,COGS,459970560.0,AUTHORITATIVE_CHANNEL_MONTH_COGS,PRO_RATA_PRELIM_COGS,SIMULATED,final_v1.0.0
2025-01-01,CH05,CHANNEL_FEE,14837760.0,CHANNEL_FEE,NET_REVENUE_SHARE,DERIVED,final_v1.0.0
2025-01-01,CH05,TRADE_SPEND,18547200.0,TRADE_SPEND,NET_REVENUE_SHARE,DERIVED,final_v1.0.0
2025-01-01,CH05,VARIABLE_FULFILMENT,8586000.0,FULFILMENT,NET_REVENUE_SHARE,DERIVED,final_v1.0.0
2025-02-01,CH01,COGS,1289084160.0,AUTHORITATIVE_CHANNEL_MONTH_COGS,PRO_RATA_PRELIM_COGS,SIMULATED,final_v1.0.0
2025-02-01,CH01,CHANNEL_FEE,72770880.0,CHANNEL_FEE,NET_REVENUE_SHARE,DERIVED,final_v1.0.0
2025-02-01,CH01,TRADE_SPEND,51979200.0,TRADE_SPEND,NET_REVENUE_SHARE,DERIVED,final_v1.0.0
2025-02-01,CH01,VARIABLE_FULFILMENT,23903424.0,FULFILMENT,NET_REVENUE_SHARE,DERIVED,final_v1.0.0
2025-02-01,CH02,COGS,985770240.0,AUTHORITATIVE_CHANNEL_MONTH_COGS,PRO_RATA_PRELIM_COGS,SIMULATED,final_v1.0.0
2025-02-01,CH02,CHANNEL_FEE,71547840.0,CHANNEL_FEE,NET_REVENUE_SHARE,DERIVED,final_v1.0.0
2025-02-01,CH02,TRADE_SPEND,58828224.0,TRADE_SPEND,NET_REVENUE_SHARE,DERIVED,final_v1.0.0
2025-02-01,CH02,VARIABLE_FULFILMENT,18442728.0,FULFILMENT,NET_REVENUE_SHARE,DERIVED,final_v1.0.0
2025-02-01,CH03,COGS,848117088.0,AUTHORITATIVE_CHANNEL_MONTH_COGS,PRO_RATA_PRELIM_COGS,SIMULATED,final_v1.0.0
2025-02-01,CH03,CHANNEL_FEE,151901568.0,CHANNEL_FEE,NET_REVENUE_SHARE,DERIVED,final_v1.0.0
2025-02-01,CH03,TRADE_SPEND,31646160.0,TRADE_SPEND,NET_REVENUE_SHARE,DERIVED,final_v1.0.0
2025-02-01,CH03,VARIABLE_FULFILMENT,14559288.0,FULFILMENT,NET_REVENUE_SHARE,DERIVED,final_v1.0.0
2025-02-01,CH04,COGS,379142400.0,AUTHORITATIVE_CHANNEL_MONTH_COGS,PRO_RATA_PRELIM_COGS,SIMULATED,final_v1.0.0
2025-02-01,CH04,CHANNEL_FEE,48921600.0,CHANNEL_FEE,NET_REVENUE_SHARE,DERIVED,final_v1.0.0
2025-02-01,CH04,TRADE_SPEND,15288000.0,TRADE_SPEND,NET_REVENUE_SHARE,DERIVED,final_v1.0.0
2025-02-01,CH04,VARIABLE_FULFILMENT,6646752.0,FULFILMENT,NET_REVENUE_SHARE,DERIVED,final_v1.0.0
2025-02-01,CH05,COGS,454970880.0,AUTHORITATIVE_CHANNEL_MONTH_COGS,PRO_RATA_PRELIM_COGS,SIMULATED,final_v1.0.0
2025-02-01,CH05,CHANNEL_FEE,14676480.0,CHANNEL_FEE,NET_REVENUE_SHARE,DERIVED,final_v1.0.0
2025-02-01,CH05,TRADE_SPEND,18345600.0,TRADE_SPEND,NET_REVENUE_SHARE,DERIVED,final_v1.0.0
2025-02-01,CH05,VARIABLE_FULFILMENT,8586000.0,FULFILMENT,NET_REVENUE_SHARE,DERIVED,final_v1.0.0
2025-03-01,CH01,COGS,1354084761.6,AUTHORITATIVE_CHANNEL_MONTH_COGS,PRO_RATA_PRELIM_COGS,SIMULATED,final_v1.0.0
2025-03-01,CH01,CHANNEL_FEE,76440268.8,CHANNEL_FEE,NET_REVENUE_SHARE,DERIVED,final_v1.0.0
2025-03-01,CH01,TRADE_SPEND,54600192.0,TRADE_SPEND,NET_REVENUE_SHARE,DERIVED,final_v1.0.0
2025-03-01,CH01,VARIABLE_FULFILMENT,24487272.0,FULFILMENT,NET_REVENUE_SHARE,DERIVED,final_v1.0.0
2025-03-01,CH02,COGS,1035476582.4,AUTHORITATIVE_CHANNEL_MONTH_COGS,PRO_RATA_PRELIM_COGS,SIMULATED,final_v1.0.0
2025-03-01,CH02,CHANNEL_FEE,75155558.4,CHANNEL_FEE,NET_REVENUE_SHARE,DERIVED,final_v1.0.0
2025-03-01,CH02,TRADE_SPEND,61794570.24,TRADE_SPEND,NET_REVENUE_SHARE,DERIVED,final_v1.0.0
2025-03-01,CH02,VARIABLE_FULFILMENT,19118160.0,FULFILMENT,NET_REVENUE_SHARE,DERIVED,final_v1.0.0
2025-03-01,CH03,COGS,895530509.11,AUTHORITATIVE_CHANNEL_MONTH_COGS,PRO_RATA_PRELIM_COGS,SIMULATED,final_v1.0.0
2025-03-01,CH03,CHANNEL_FEE,160393524.02,CHANNEL_FEE,NET_REVENUE_SHARE,DERIVED,final_v1.0.0
2025-03-01,CH03,TRADE_SPEND,33415317.5,TRADE_SPEND,NET_REVENUE_SHARE,DERIVED,final_v1.0.0
2025-03-01,CH03,VARIABLE_FULFILMENT,14559288.0,FULFILMENT,NET_REVENUE_SHARE,DERIVED,final_v1.0.0
2025-03-01,CH04,COGS,398260224.0,AUTHORITATIVE_CHANNEL_MONTH_COGS,PRO_RATA_PRELIM_COGS,SIMULATED,final_v1.0.0
2025-03-01,CH04,CHANNEL_FEE,51388416.0,CHANNEL_FEE,NET_REVENUE_SHARE,DERIVED,final_v1.0.0
2025-03-01,CH04,TRADE_SPEND,16058880.0,TRADE_SPEND,NET_REVENUE_SHARE,DERIVED,final_v1.0.0
2025-03-01,CH04,VARIABLE_FULFILMENT,7234560.0,FULFILMENT,NET_REVENUE_SHARE,DERIVED,final_v1.0.0
2025-03-01,CH05,COGS,477912268.8,AUTHORITATIVE_CHANNEL_MONTH_COGS,PRO_RATA_PRELIM_COGS,SIMULATED,final_v1.0.0
2025-03-01,CH05,CHANNEL_FEE,15416524.8,CHANNEL_FEE,NET_REVENUE_SHARE,DERIVED,final_v1.0.0
2025-03-01,CH05,TRADE_SPEND,19270656.0,TRADE_SPEND,NET_REVENUE_SHARE,DERIVED,final_v1.0.0
2025-03-01,CH05,VARIABLE_FULFILMENT,8586000.0,FULFILMENT,NET_REVENUE_SHARE,DERIVED,final_v1.0.0
2025-04-01,CH01,COGS,1379866444.8,AUTHORITATIVE_CHANNEL_MONTH_COGS,PRO_RATA_PRELIM_COGS,SIMULATED,final_v1.0.0
2025-04-01,CH01,CHANNEL_FEE,77895686.4,CHANNEL_FEE,NET_REVENUE_SHARE,DERIVED,final_v1.0.0
2025-04-01,CH01,TRADE_SPEND,55639776.0,TRADE_SPEND,NET_REVENUE_SHARE,DERIVED,final_v1.0.0
2025-04-01,CH01,VARIABLE_FULFILMENT,38276388.0,FULFILMENT,NET_REVENUE_SHARE,DERIVED,final_v1.0.0
2025-04-01,CH02,COGS,1055191987.2,AUTHORITATIVE_CHANNEL_MONTH_COGS,PRO_RATA_PRELIM_COGS,SIMULATED,final_v1.0.0
2025-04-01,CH02,CHANNEL_FEE,76586515.2,CHANNEL_FEE,NET_REVENUE_SHARE,DERIVED,final_v1.0.0
2025-04-01,CH02,TRADE_SPEND,62971134.72,TRADE_SPEND,NET_REVENUE_SHARE,DERIVED,final_v1.0.0
2025-04-01,CH02,VARIABLE_FULFILMENT,29209572.0,FULFILMENT,NET_REVENUE_SHARE,DERIVED,final_v1.0.0
2025-04-01,CH03,COGS,917317931.44,AUTHORITATIVE_CHANNEL_MONTH_COGS,PRO_RATA_PRELIM_COGS,SIMULATED,final_v1.0.0
2025-04-01,CH03,CHANNEL_FEE,164295748.92,CHANNEL_FEE,NET_REVENUE_SHARE,DERIVED,final_v1.0.0
2025-04-01,CH03,TRADE_SPEND,34228281.02,TRADE_SPEND,NET_REVENUE_SHARE,DERIVED,final_v1.0.0
2025-04-01,CH03,VARIABLE_FULFILMENT,21838932.0,FULFILMENT,NET_REVENUE_SHARE,DERIVED,final_v1.0.0
2025-04-01,CH04,COGS,405843072.0,AUTHORITATIVE_CHANNEL_MONTH_COGS,PRO_RATA_PRELIM_COGS,SIMULATED,final_v1.0.0
2025-04-01,CH04,CHANNEL_FEE,52366848.0,CHANNEL_FEE,NET_REVENUE_SHARE,DERIVED,final_v1.0.0
2025-04-01,CH04,TRADE_SPEND,16364640.0,TRADE_SPEND,NET_REVENUE_SHARE,DERIVED,final_v1.0.0
2025-04-01,CH04,VARIABLE_FULFILMENT,11886156.0,FULFILMENT,NET_REVENUE_SHARE,DERIVED,final_v1.0.0
2025-04-01,CH05,COGS,487011686.4,AUTHORITATIVE_CHANNEL_MONTH_COGS,PRO_RATA_PRELIM_COGS,SIMULATED,final_v1.0.0
2025-04-01,CH05,CHANNEL_FEE,15710054.4,CHANNEL_FEE,NET_REVENUE_SHARE,DERIVED,final_v1.0.0
2025-04-01,CH05,TRADE_SPEND,19637568.0,TRADE_SPEND,NET_REVENUE_SHARE,DERIVED,final_v1.0.0
2025-04-01,CH05,VARIABLE_FULFILMENT,13308300.0,FULFILMENT,NET_REVENUE_SHARE,DERIVED,final_v1.0.0
2025-05-01,CH01,COGS,1365336422.4,AUTHORITATIVE_CHANNEL_MONTH_COGS,PRO_RATA_PRELIM_COGS,SIMULATED,final_v1.0.0
2025-05-01,CH01,CHANNEL_FEE,77075443.2,CHANNEL_FEE,NET_REVENUE_SHARE,DERIVED,final_v1.0.0
2025-05-01,CH01,TRADE_SPEND,55053888.0,TRADE_SPEND,NET_REVENUE_SHARE,DERIVED,final_v1.0.0
2025-05-01,CH01,VARIABLE_FULFILMENT,25517592.0,FULFILMENT,NET_REVENUE_SHARE,DERIVED,final_v1.0.0
2025-05-01,CH02,COGS,1044080793.6,AUTHORITATIVE_CHANNEL_MONTH_COGS,PRO_RATA_PRELIM_COGS,SIMULATED,final_v1.0.0
2025-05-01,CH02,CHANNEL_FEE,75780057.6,CHANNEL_FEE,NET_REVENUE_SHARE,DERIVED,final_v1.0.0
2025-05-01,CH02,TRADE_SPEND,62308047.36,TRADE_SPEND,NET_REVENUE_SHARE,DERIVED,final_v1.0.0
2025-05-01,CH02,VARIABLE_FULFILMENT,19473048.0,FULFILMENT,NET_REVENUE_SHARE,DERIVED,final_v1.0.0
2025-05-01,CH03,COGS,912345259.62,AUTHORITATIVE_CHANNEL_MONTH_COGS,PRO_RATA_PRELIM_COGS,SIMULATED,final_v1.0.0
2025-05-01,CH03,CHANNEL_FEE,163405121.13,CHANNEL_FEE,NET_REVENUE_SHARE,DERIVED,final_v1.0.0
2025-05-01,CH03,TRADE_SPEND,34042733.57,TRADE_SPEND,NET_REVENUE_SHARE,DERIVED,final_v1.0.0
2025-05-01,CH03,VARIABLE_FULFILMENT,14559288.0,FULFILMENT,NET_REVENUE_SHARE,DERIVED,final_v1.0.0
2025-05-01,CH04,COGS,401569536.0,AUTHORITATIVE_CHANNEL_MONTH_COGS,PRO_RATA_PRELIM_COGS,SIMULATED,final_v1.0.0
2025-05-01,CH04,CHANNEL_FEE,51815424.0,CHANNEL_FEE,NET_REVENUE_SHARE,DERIVED,final_v1.0.0
2025-05-01,CH04,TRADE_SPEND,16192320.0,TRADE_SPEND,NET_REVENUE_SHARE,DERIVED,final_v1.0.0
2025-05-01,CH04,VARIABLE_FULFILMENT,7924104.0,FULFILMENT,NET_REVENUE_SHARE,DERIVED,final_v1.0.0
2025-05-01,CH05,COGS,481883443.2,AUTHORITATIVE_CHANNEL_MONTH_COGS,PRO_RATA_PRELIM_COGS,SIMULATED,final_v1.0.0
2025-05-01,CH05,CHANNEL_FEE,15544627.2,CHANNEL_FEE,NET_REVENUE_SHARE,DERIVED,final_v1.0.0
2025-05-01,CH05,TRADE_SPEND,19430784.0,TRADE_SPEND,NET_REVENUE_SHARE,DERIVED,final_v1.0.0
2025-05-01,CH05,VARIABLE_FULFILMENT,8586000.0,FULFILMENT,NET_REVENUE_SHARE,DERIVED,final_v1.0.0
2025-06-01,CH01,COGS,1363960320.0,AUTHORITATIVE_CHANNEL_MONTH_COGS,PRO_RATA_PRELIM_COGS,SIMULATED,final_v1.0.0
2025-06-01,CH01,CHANNEL_FEE,76997760.0,CHANNEL_FEE,NET_REVENUE_SHARE,DERIVED,final_v1.0.0
2025-06-01,CH01,TRADE_SPEND,54998400.0,TRADE_SPEND,NET_REVENUE_SHARE,DERIVED,final_v1.0.0
2025-06-01,CH01,VARIABLE_FULFILMENT,25151256.0,FULFILMENT,NET_REVENUE_SHARE,DERIVED,final_v1.0.0
2025-06-01,CH02,COGS,1043028480.0,AUTHORITATIVE_CHANNEL_MONTH_COGS,PRO_RATA_PRELIM_COGS,SIMULATED,final_v1.0.0
2025-06-01,CH02,CHANNEL_FEE,75703680.0,CHANNEL_FEE,NET_REVENUE_SHARE,DERIVED,final_v1.0.0
2025-06-01,CH02,TRADE_SPEND,62245248.0,TRADE_SPEND,NET_REVENUE_SHARE,DERIVED,final_v1.0.0
2025-06-01,CH02,VARIABLE_FULFILMENT,19473048.0,FULFILMENT,NET_REVENUE_SHARE,DERIVED,final_v1.0.0
2025-06-01,CH03,COGS,916107701.76,AUTHORITATIVE_CHANNEL_MONTH_COGS,PRO_RATA_PRELIM_COGS,SIMULATED,final_v1.0.0
2025-06-01,CH03,CHANNEL_FEE,164078991.36,CHANNEL_FEE,NET_REVENUE_SHARE,DERIVED,final_v1.0.0
2025-06-01,CH03,TRADE_SPEND,34183123.2,TRADE_SPEND,NET_REVENUE_SHARE,DERIVED,final_v1.0.0
2025-06-01,CH03,VARIABLE_FULFILMENT,14559288.0,FULFILMENT,NET_REVENUE_SHARE,DERIVED,final_v1.0.0
2025-06-01,CH04,COGS,401164800.0,AUTHORITATIVE_CHANNEL_MONTH_COGS,PRO_RATA_PRELIM_COGS,SIMULATED,final_v1.0.0
2025-06-01,CH04,CHANNEL_FEE,51763200.0,CHANNEL_FEE,NET_REVENUE_SHARE,DERIVED,final_v1.0.0
2025-06-01,CH04,TRADE_SPEND,16176000.0,TRADE_SPEND,NET_REVENUE_SHARE,DERIVED,final_v1.0.0
2025-06-01,CH04,VARIABLE_FULFILMENT,7924104.0,FULFILMENT,NET_REVENUE_SHARE,DERIVED,final_v1.0.0
2025-06-01,CH05,COGS,481397760.0,AUTHORITATIVE_CHANNEL_MONTH_COGS,PRO_RATA_PRELIM_COGS,SIMULATED,final_v1.0.0
2025-06-01,CH05,CHANNEL_FEE,15528960.0,CHANNEL_FEE,NET_REVENUE_SHARE,DERIVED,final_v1.0.0
2025-06-01,CH05,TRADE_SPEND,19411200.0,TRADE_SPEND,NET_REVENUE_SHARE,DERIVED,final_v1.0.0
2025-06-01,CH05,VARIABLE_FULFILMENT,8586000.0,FULFILMENT,NET_REVENUE_SHARE,DERIVED,final_v1.0.0
2025-07-01,CH01,COGS,1362341376.0,AUTHORITATIVE_CHANNEL_MONTH_COGS,PRO_RATA_PRELIM_COGS,SIMULATED,final_v1.0.0
2025-07-01,CH01,CHANNEL_FEE,76906368.0,CHANNEL_FEE,NET_REVENUE_SHARE,DERIVED,final_v1.0.0
2025-07-01,CH01,TRADE_SPEND,54933120.0,TRADE_SPEND,NET_REVENUE_SHARE,DERIVED,final_v1.0.0
2025-07-01,CH01,VARIABLE_FULFILMENT,25151256.0,FULFILMENT,NET_REVENUE_SHARE,DERIVED,final_v1.0.0
2025-07-01,CH02,COGS,1041790464.0,AUTHORITATIVE_CHANNEL_MONTH_COGS,PRO_RATA_PRELIM_COGS,SIMULATED,final_v1.0.0
2025-07-01,CH02,CHANNEL_FEE,75613824.0,CHANNEL_FEE,NET_REVENUE_SHARE,DERIVED,final_v1.0.0
2025-07-01,CH02,TRADE_SPEND,62171366.4,TRADE_SPEND,NET_REVENUE_SHARE,DERIVED,final_v1.0.0
2025-07-01,CH02,VARIABLE_FULFILMENT,19473048.0,FULFILMENT,NET_REVENUE_SHARE,DERIVED,final_v1.0.0
2025-07-01,CH03,COGS,919696757.76,AUTHORITATIVE_CHANNEL_MONTH_COGS,PRO_RATA_PRELIM_COGS,SIMULATED,final_v1.0.0
2025-07-01,CH03,CHANNEL_FEE,164721807.36,CHANNEL_FEE,NET_REVENUE_SHARE,DERIVED,final_v1.0.0
2025-07-01,CH03,TRADE_SPEND,34317043.2,TRADE_SPEND,NET_REVENUE_SHARE,DERIVED,final_v1.0.0
2025-07-01,CH03,VARIABLE_FULFILMENT,14559288.0,FULFILMENT,NET_REVENUE_SHARE,DERIVED,final_v1.0.0
2025-07-01,CH04,COGS,400688640.0,AUTHORITATIVE_CHANNEL_MONTH_COGS,PRO_RATA_PRELIM_COGS,SIMULATED,final_v1.0.0
2025-07-01,CH04,CHANNEL_FEE,51701760.0,CHANNEL_FEE,NET_REVENUE_SHARE,DERIVED,final_v1.0.0
2025-07-01,CH04,TRADE_SPEND,16156800.0,TRADE_SPEND,NET_REVENUE_SHARE,DERIVED,final_v1.0.0
2025-07-01,CH04,VARIABLE_FULFILMENT,7924104.0,FULFILMENT,NET_REVENUE_SHARE,DERIVED,final_v1.0.0
2025-07-01,CH05,COGS,480826368.0,AUTHORITATIVE_CHANNEL_MONTH_COGS,PRO_RATA_PRELIM_COGS,SIMULATED,final_v1.0.0
2025-07-01,CH05,CHANNEL_FEE,15510528.0,CHANNEL_FEE,NET_REVENUE_SHARE,DERIVED,final_v1.0.0
2025-07-01,CH05,TRADE_SPEND,19388160.0,TRADE_SPEND,NET_REVENUE_SHARE,DERIVED,final_v1.0.0
2025-07-01,CH05,VARIABLE_FULFILMENT,8586000.0,FULFILMENT,NET_REVENUE_SHARE,DERIVED,final_v1.0.0
2025-08-01,CH01,COGS,1402126924.8,AUTHORITATIVE_CHANNEL_MONTH_COGS,PRO_RATA_PRELIM_COGS,SIMULATED,final_v1.0.0
2025-08-01,CH01,CHANNEL_FEE,79152326.4,CHANNEL_FEE,NET_REVENUE_SHARE,DERIVED,final_v1.0.0
2025-08-01,CH01,TRADE_SPEND,56537376.0,TRADE_SPEND,NET_REVENUE_SHARE,DERIVED,final_v1.0.0
2025-08-01,CH01,VARIABLE_FULFILMENT,26032752.0,FULFILMENT,NET_REVENUE_SHARE,DERIVED,final_v1.0.0
2025-08-01,CH02,COGS,1072214707.2,AUTHORITATIVE_CHANNEL_MONTH_COGS,PRO_RATA_PRELIM_COGS,SIMULATED,final_v1.0.0
2025-08-01,CH02,CHANNEL_FEE,77822035.2,CHANNEL_FEE,NET_REVENUE_SHARE,DERIVED,final_v1.0.0
2025-08-01,CH02,TRADE_SPEND,63987006.72,TRADE_SPEND,NET_REVENUE_SHARE,DERIVED,final_v1.0.0
2025-08-01,CH02,VARIABLE_FULFILMENT,19999656.0,FULFILMENT,NET_REVENUE_SHARE,DERIVED,final_v1.0.0
2025-08-01,CH03,COGS,951368394.01,AUTHORITATIVE_CHANNEL_MONTH_COGS,PRO_RATA_PRELIM_COGS,SIMULATED,final_v1.0.0
2025-08-01,CH03,CHANNEL_FEE,170394339.23,CHANNEL_FEE,NET_REVENUE_SHARE,DERIVED,final_v1.0.0
2025-08-01,CH03,TRADE_SPEND,35498820.67,TRADE_SPEND,NET_REVENUE_SHARE,DERIVED,final_v1.0.0
2025-08-01,CH03,VARIABLE_FULFILMENT,15451128.0,FULFILMENT,NET_REVENUE_SHARE,DERIVED,final_v1.0.0
2025-08-01,CH04,COGS,412390272.0,AUTHORITATIVE_CHANNEL_MONTH_COGS,PRO_RATA_PRELIM_COGS,SIMULATED,final_v1.0.0
2025-08-01,CH04,CHANNEL_FEE,53211648.0,CHANNEL_FEE,NET_REVENUE_SHARE,DERIVED,final_v1.0.0
2025-08-01,CH04,TRADE_SPEND,16628640.0,TRADE_SPEND,NET_REVENUE_SHARE,DERIVED,final_v1.0.0
2025-08-01,CH04,VARIABLE_FULFILMENT,8161488.0,FULFILMENT,NET_REVENUE_SHARE,DERIVED,final_v1.0.0
2025-08-01,CH05,COGS,494868326.4,AUTHORITATIVE_CHANNEL_MONTH_COGS,PRO_RATA_PRELIM_COGS,SIMULATED,final_v1.0.0
2025-08-01,CH05,CHANNEL_FEE,15963494.4,CHANNEL_FEE,NET_REVENUE_SHARE,DERIVED,final_v1.0.0
2025-08-01,CH05,TRADE_SPEND,19954368.0,TRADE_SPEND,NET_REVENUE_SHARE,DERIVED,final_v1.0.0
2025-08-01,CH05,VARIABLE_FULFILMENT,8872200.0,FULFILMENT,NET_REVENUE_SHARE,DERIVED,final_v1.0.0
2025-09-01,CH01,COGS,1456402022.4,AUTHORITATIVE_CHANNEL_MONTH_COGS,PRO_RATA_PRELIM_COGS,SIMULATED,final_v1.0.0
2025-09-01,CH01,CHANNEL_FEE,82216243.2,CHANNEL_FEE,NET_REVENUE_SHARE,DERIVED,final_v1.0.0
2025-09-01,CH01,TRADE_SPEND,58725888.0,TRADE_SPEND,NET_REVENUE_SHARE,DERIVED,final_v1.0.0
2025-09-01,CH01,VARIABLE_FULFILMENT,27063072.0,FULFILMENT,NET_REVENUE_SHARE,DERIVED,final_v1.0.0
2025-09-01,CH02,COGS,1113719193.6,AUTHORITATIVE_CHANNEL_MONTH_COGS,PRO_RATA_PRELIM_COGS,SIMULATED,final_v1.0.0
2025-09-01,CH02,CHANNEL_FEE,80834457.6,CHANNEL_FEE,NET_REVENUE_SHARE,DERIVED,final_v1.0.0
2025-09-01,CH02,TRADE_SPEND,66463887.36,TRADE_SPEND,NET_REVENUE_SHARE,DERIVED,final_v1.0.0
2025-09-01,CH02,VARIABLE_FULFILMENT,19999656.0,FULFILMENT,NET_REVENUE_SHARE,DERIVED,final_v1.0.0
2025-09-01,CH03,COGS,993194326.43,AUTHORITATIVE_CHANNEL_MONTH_COGS,PRO_RATA_PRELIM_COGS,SIMULATED,final_v1.0.0
2025-09-01,CH03,CHANNEL_FEE,177885551.0,CHANNEL_FEE,NET_REVENUE_SHARE,DERIVED,final_v1.0.0
2025-09-01,CH03,TRADE_SPEND,37059489.79,TRADE_SPEND,NET_REVENUE_SHARE,DERIVED,final_v1.0.0
2025-09-01,CH03,VARIABLE_FULFILMENT,16744296.0,FULFILMENT,NET_REVENUE_SHARE,DERIVED,final_v1.0.0
2025-09-01,CH04,COGS,428353536.0,AUTHORITATIVE_CHANNEL_MONTH_COGS,PRO_RATA_PRELIM_COGS,SIMULATED,final_v1.0.0
2025-09-01,CH04,CHANNEL_FEE,55271424.0,CHANNEL_FEE,NET_REVENUE_SHARE,DERIVED,final_v1.0.0
2025-09-01,CH04,TRADE_SPEND,17272320.0,TRADE_SPEND,NET_REVENUE_SHARE,DERIVED,final_v1.0.0
2025-09-01,CH04,VARIABLE_FULFILMENT,8161488.0,FULFILMENT,NET_REVENUE_SHARE,DERIVED,final_v1.0.0
2025-09-01,CH05,COGS,514024243.2,AUTHORITATIVE_CHANNEL_MONTH_COGS,PRO_RATA_PRELIM_COGS,SIMULATED,final_v1.0.0
2025-09-01,CH05,CHANNEL_FEE,16581427.2,CHANNEL_FEE,NET_REVENUE_SHARE,DERIVED,final_v1.0.0
2025-09-01,CH05,TRADE_SPEND,20726784.0,TRADE_SPEND,NET_REVENUE_SHARE,DERIVED,final_v1.0.0
2025-09-01,CH05,VARIABLE_FULFILMENT,8872200.0,FULFILMENT,NET_REVENUE_SHARE,DERIVED,final_v1.0.0
2025-10-01,CH01,COGS,1525530931.2,AUTHORITATIVE_CHANNEL_MONTH_COGS,PRO_RATA_PRELIM_COGS,SIMULATED,final_v1.0.0
2025-10-01,CH01,CHANNEL_FEE,86118681.6,CHANNEL_FEE,NET_REVENUE_SHARE,DERIVED,final_v1.0.0
2025-10-01,CH01,TRADE_SPEND,61513344.0,TRADE_SPEND,NET_REVENUE_SHARE,DERIVED,final_v1.0.0
2025-10-01,CH01,VARIABLE_FULFILMENT,28345248.0,FULFILMENT,NET_REVENUE_SHARE,DERIVED,final_v1.0.0
2025-10-01,CH02,COGS,1166582476.8,AUTHORITATIVE_CHANNEL_MONTH_COGS,PRO_RATA_PRELIM_COGS,SIMULATED,final_v1.0.0
2025-10-01,CH02,CHANNEL_FEE,84671308.8,CHANNEL_FEE,NET_REVENUE_SHARE,DERIVED,final_v1.0.0
2025-10-01,CH02,TRADE_SPEND,69618631.68,TRADE_SPEND,NET_REVENUE_SHARE,DERIVED,final_v1.0.0
2025-10-01,CH02,VARIABLE_FULFILMENT,21327624.0,FULFILMENT,NET_REVENUE_SHARE,DERIVED,final_v1.0.0
2025-10-01,CH03,COGS,1045573426.48,AUTHORITATIVE_CHANNEL_MONTH_COGS,PRO_RATA_PRELIM_COGS,SIMULATED,final_v1.0.0
2025-10-01,CH03,CHANNEL_FEE,187266882.36,CHANNEL_FEE,NET_REVENUE_SHARE,DERIVED,final_v1.0.0
2025-10-01,CH03,TRADE_SPEND,39013933.82,TRADE_SPEND,NET_REVENUE_SHARE,DERIVED,final_v1.0.0
2025-10-01,CH03,VARIABLE_FULFILMENT,17959428.0,FULFILMENT,NET_REVENUE_SHARE,DERIVED,final_v1.0.0
2025-10-01,CH04,COGS,448685568.0,AUTHORITATIVE_CHANNEL_MONTH_COGS,PRO_RATA_PRELIM_COGS,SIMULATED,final_v1.0.0
2025-10-01,CH04,CHANNEL_FEE,57894912.0,CHANNEL_FEE,NET_REVENUE_SHARE,DERIVED,final_v1.0.0
2025-10-01,CH04,TRADE_SPEND,18092160.0,TRADE_SPEND,NET_REVENUE_SHARE,DERIVED,final_v1.0.0
2025-10-01,CH04,VARIABLE_FULFILMENT,8478000.0,FULFILMENT,NET_REVENUE_SHARE,DERIVED,final_v1.0.0
2025-10-01,CH05,COGS,538422681.6,AUTHORITATIVE_CHANNEL_MONTH_COGS,PRO_RATA_PRELIM_COGS,SIMULATED,final_v1.0.0
2025-10-01,CH05,CHANNEL_FEE,17368473.6,CHANNEL_FEE,NET_REVENUE_SHARE,DERIVED,final_v1.0.0
2025-10-01,CH05,TRADE_SPEND,21710592.0,TRADE_SPEND,NET_REVENUE_SHARE,DERIVED,final_v1.0.0
2025-10-01,CH05,VARIABLE_FULFILMENT,9456048.0,FULFILMENT,NET_REVENUE_SHARE,DERIVED,final_v1.0.0
2025-11-01,CH01,COGS,1681111449.6,AUTHORITATIVE_CHANNEL_MONTH_COGS,PRO_RATA_PRELIM_COGS,SIMULATED,final_v1.0.0
2025-11-01,CH01,CHANNEL_FEE,94901452.8,CHANNEL_FEE,NET_REVENUE_SHARE,DERIVED,final_v1.0.0
2025-11-01,CH01,TRADE_SPEND,176245555.2,TRADE_SPEND,NET_REVENUE_SHARE,DERIVED,final_v1.0.0
2025-11-01,CH01,VARIABLE_FULFILMENT,30558528.0,FULFILMENT,NET_REVENUE_SHARE,DERIVED,final_v1.0.0
2025-11-01,CH02,COGS,1285555814.4,AUTHORITATIVE_CHANNEL_MONTH_COGS,PRO_RATA_PRELIM_COGS,SIMULATED,final_v1.0.0
2025-11-01,CH02,CHANNEL_FEE,93306470.4,CHANNEL_FEE,NET_REVENUE_SHARE,DERIVED,final_v1.0.0
2025-11-01,CH02,TRADE_SPEND,159657738.24,TRADE_SPEND,NET_REVENUE_SHARE,DERIVED,final_v1.0.0
2025-11-01,CH02,VARIABLE_FULFILMENT,23151744.0,FULFILMENT,NET_REVENUE_SHARE,DERIVED,final_v1.0.0
2025-11-01,CH03,COGS,1157976362.19,AUTHORITATIVE_CHANNEL_MONTH_COGS,PRO_RATA_PRELIM_COGS,SIMULATED,final_v1.0.0
2025-11-01,CH03,CHANNEL_FEE,207398751.44,CHANNEL_FEE,NET_REVENUE_SHARE,DERIVED,final_v1.0.0
2025-11-01,CH03,TRADE_SPEND,112340990.36,TRADE_SPEND,NET_REVENUE_SHARE,DERIVED,final_v1.0.0
2025-11-01,CH03,VARIABLE_FULFILMENT,18846636.0,FULFILMENT,NET_REVENUE_SHARE,DERIVED,final_v1.0.0
2025-11-01,CH04,COGS,494444544.0,AUTHORITATIVE_CHANNEL_MONTH_COGS,PRO_RATA_PRELIM_COGS,SIMULATED,final_v1.0.0
2025-11-01,CH04,CHANNEL_FEE,63799296.0,CHANNEL_FEE,NET_REVENUE_SHARE,DERIVED,final_v1.0.0
2025-11-01,CH04,TRADE_SPEND,51836928.0,TRADE_SPEND,NET_REVENUE_SHARE,DERIVED,final_v1.0.0
2025-11-01,CH04,VARIABLE_FULFILMENT,8481600.0,FULFILMENT,NET_REVENUE_SHARE,DERIVED,final_v1.0.0
2025-11-01,CH05,COGS,593333452.8,AUTHORITATIVE_CHANNEL_MONTH_COGS,PRO_RATA_PRELIM_COGS,SIMULATED,final_v1.0.0
2025-11-01,CH05,CHANNEL_FEE,19139788.8,CHANNEL_FEE,NET_REVENUE_SHARE,DERIVED,final_v1.0.0
2025-11-01,CH05,TRADE_SPEND,62204313.6,TRADE_SPEND,NET_REVENUE_SHARE,DERIVED,final_v1.0.0
2025-11-01,CH05,VARIABLE_FULFILMENT,10777536.0,FULFILMENT,NET_REVENUE_SHARE,DERIVED,final_v1.0.0
2025-12-01,CH01,COGS,1839120384.0,AUTHORITATIVE_CHANNEL_MONTH_COGS,PRO_RATA_PRELIM_COGS,SIMULATED,final_v1.0.0
2025-12-01,CH01,CHANNEL_FEE,103821312.0,CHANNEL_FEE,NET_REVENUE_SHARE,DERIVED,final_v1.0.0
2025-12-01,CH01,TRADE_SPEND,74158080.0,TRADE_SPEND,NET_REVENUE_SHARE,DERIVED,final_v1.0.0
2025-12-01,CH01,VARIABLE_FULFILMENT,33657120.0,FULFILMENT,NET_REVENUE_SHARE,DERIVED,final_v1.0.0
2025-12-01,CH02,COGS,1406386176.0,AUTHORITATIVE_CHANNEL_MONTH_COGS,PRO_RATA_PRELIM_COGS,SIMULATED,final_v1.0.0
2025-12-01,CH02,CHANNEL_FEE,102076416.0,CHANNEL_FEE,NET_REVENUE_SHARE,DERIVED,final_v1.0.0
2025-12-01,CH02,TRADE_SPEND,83929497.6,TRADE_SPEND,NET_REVENUE_SHARE,DERIVED,final_v1.0.0
2025-12-01,CH02,VARIABLE_FULFILMENT,26032752.0,FULFILMENT,NET_REVENUE_SHARE,DERIVED,final_v1.0.0
2025-12-01,CH03,COGS,1273128468.48,AUTHORITATIVE_CHANNEL_MONTH_COGS,PRO_RATA_PRELIM_COGS,SIMULATED,final_v1.0.0
2025-12-01,CH03,CHANNEL_FEE,228023009.28,CHANNEL_FEE,NET_REVENUE_SHARE,DERIVED,final_v1.0.0
2025-12-01,CH03,TRADE_SPEND,47504793.6,TRADE_SPEND,NET_REVENUE_SHARE,DERIVED,final_v1.0.0
2025-12-01,CH03,VARIABLE_FULFILMENT,21036276.0,FULFILMENT,NET_REVENUE_SHARE,DERIVED,final_v1.0.0
2025-12-01,CH04,COGS,540917760.0,AUTHORITATIVE_CHANNEL_MONTH_COGS,PRO_RATA_PRELIM_COGS,SIMULATED,final_v1.0.0
2025-12-01,CH04,CHANNEL_FEE,69795840.0,CHANNEL_FEE,NET_REVENUE_SHARE,DERIVED,final_v1.0.0
2025-12-01,CH04,TRADE_SPEND,21811200.0,TRADE_SPEND,NET_REVENUE_SHARE,DERIVED,final_v1.0.0
2025-12-01,CH04,VARIABLE_FULFILMENT,9337104.0,FULFILMENT,NET_REVENUE_SHARE,DERIVED,final_v1.0.0
2025-12-01,CH05,COGS,649101312.0,AUTHORITATIVE_CHANNEL_MONTH_COGS,PRO_RATA_PRELIM_COGS,SIMULATED,final_v1.0.0
2025-12-01,CH05,CHANNEL_FEE,20938752.0,CHANNEL_FEE,NET_REVENUE_SHARE,DERIVED,final_v1.0.0
2025-12-01,CH05,TRADE_SPEND,26173440.0,TRADE_SPEND,NET_REVENUE_SHARE,DERIVED,final_v1.0.0
2025-12-01,CH05,VARIABLE_FULFILMENT,12146328.0,FULFILMENT,NET_REVENUE_SHARE,DERIVED,final_v1.0.0
