MonthStart,CustomerKey,OpeningARVND,InvoicedCreditSalesVND,CashCollectedVND,CreditNoteVND,ClosingARVND,Aging0_30VND,Aging31_60VND,Aging61PlusVND,DSODays,EvidenceClass
2023-01-01,CUS01,0.0,518709000.0,0.0,0,657031400.0,361367270.0,164257850.0,131406280.0,38,SIMULATED
2023-01-01,CUS02,0.0,651186000.0,0.0,0,824835600.0,453659580.0,206208900.0,164967120.0,38,SIMULATED
2023-01-01,CUS03,0.0,489730000.0,0.0,0,620324666.67,341178566.67,155081166.67,124064933.33,38,SIMULATED
2023-01-01,CUS04,0.0,509792000.0,0.0,0,645736533.33,355155093.33,161434133.33,129147306.67,38,SIMULATED
2023-01-01,CUS05,0.0,448862000.0,0.0,0,568558533.33,312707193.33,142139633.33,113711706.67,38,SIMULATED
2023-01-01,CUS06,0.0,422046000.0,0.0,0,534591600.0,294025380.0,133647900.0,106918320.0,38,SIMULATED
2023-01-01,CUS07,0.0,376041000.0,0.0,0,476318600.0,261975230.0,119079650.0,95263720.0,38,SIMULATED
2023-01-01,CUS08,0.0,363558000.0,0.0,0,460506800.0,253278740.0,115126700.0,92101360.0,38,SIMULATED
2023-01-01,CUS09,0.0,359481000.0,0.0,0,455342600.0,250438430.0,113835650.0,91068520.0,38,SIMULATED
2023-01-01,CUS10,0.0,356277000.0,0.0,0,451284200.0,248206310.0,112821050.0,90256840.0,38,SIMULATED
2023-02-01,CUS01,657031400.0,356277000.0,562024200.0,0,451284200.0,248206310.0,112821050.0,90256840.0,38,SIMULATED
2023-02-01,CUS02,824835600.0,518709000.0,686513200.0,0,657031400.0,361367270.0,164257850.0,131406280.0,38,SIMULATED
2023-02-01,CUS03,620324666.67,616842000.0,455833466.67,0,781333200.0,429733260.0,195333300.0,156266640.0,38,SIMULATED
2023-02-01,CUS04,645736533.33,489730000.0,515141866.66,0,620324666.67,341178566.67,155081166.67,124064933.33,38,SIMULATED
2023-02-01,CUS05,568558533.33,509792000.0,432614000.0,0,645736533.33,355155093.33,161434133.33,129147306.67,38,SIMULATED
2023-02-01,CUS06,534591600.0,448862000.0,414895066.67,0,568558533.33,312707193.33,142139633.33,113711706.67,38,SIMULATED
2023-02-01,CUS07,476318600.0,422046000.0,363773000.0,0,534591600.0,294025380.0,133647900.0,106918320.0,38,SIMULATED
2023-02-01,CUS08,460506800.0,376041000.0,360229200.0,0,476318600.0,261975230.0,119079650.0,95263720.0,38,SIMULATED
2023-02-01,CUS09,455342600.0,363558000.0,358393800.0,0,460506800.0,253278740.0,115126700.0,92101360.0,38,SIMULATED
2023-02-01,CUS10,451284200.0,359481000.0,355422600.0,0,455342600.0,250438430.0,113835650.0,91068520.0,38,SIMULATED
2023-03-01,CUS01,451284200.0,380848000.0,349724733.33,0,482407466.67,265324106.67,120601866.67,96481493.33,38,SIMULATED
2023-03-01,CUS02,657031400.0,356277000.0,562024200.0,0,451284200.0,248206310.0,112821050.0,90256840.0,38,SIMULATED
2023-03-01,CUS03,781333200.0,548283000.0,635124400.0,0,694491800.0,381970490.0,173622950.0,138898360.0,38,SIMULATED
2023-03-01,CUS04,620324666.67,651186000.0,446675066.67,0,824835600.0,453659580.0,206208900.0,164967120.0,38,SIMULATED
2023-03-01,CUS05,645736533.33,585388000.0,489633066.66,0,741491466.67,407820306.67,185372866.67,148298293.33,38,SIMULATED
2023-03-01,CUS06,568558533.33,543236000.0,423695600.0,0,688098933.33,378454413.33,172024733.33,137619786.67,38,SIMULATED
2023-03-01,CUS07,534591600.0,475574000.0,407771866.67,0,602393733.33,331316553.33,150598433.33,120478746.67,38,SIMULATED
2023-03-01,CUS08,476318600.0,422046000.0,363773000.0,0,534591600.0,294025380.0,133647900.0,106918320.0,38,SIMULATED
2023-03-01,CUS09,460506800.0,428511000.0,346237200.0,0,542780600.0,298529330.0,135695150.0,108556120.0,38,SIMULATED
2023-03-01,CUS10,455342600.0,363558000.0,358393800.0,0,460506800.0,253278740.0,115126700.0,92101360.0,38,SIMULATED
2023-04-01,CUS01,482407466.67,412842000.0,372316266.67,0,522933200.0,287613260.0,130733300.0,104586640.0,38,SIMULATED
2023-04-01,CUS02,451284200.0,400882000.0,344382333.33,0,507783866.67,279281126.67,126945966.67,101556773.33,38,SIMULATED
2023-04-01,CUS03,694491800.0,356277000.0,599484600.0,0,451284200.0,248206310.0,112821050.0,90256840.0,38,SIMULATED
2023-04-01,CUS04,824835600.0,567792000.0,673424400.0,0,719203200.0,395561760.0,179800800.0,143840640.0,38,SIMULATED
2023-04-01,CUS05,741491466.67,651186000.0,567841866.67,0,824835600.0,453659580.0,206208900.0,164967120.0,38,SIMULATED
2023-04-01,CUS06,688098933.33,585388000.0,531995466.66,0,741491466.67,407820306.67,185372866.67,148298293.33,38,SIMULATED
2023-04-01,CUS07,602393733.33,543236000.0,457530800.0,0,688098933.33,378454413.33,172024733.33,137619786.67,38,SIMULATED
2023-04-01,CUS08,534591600.0,475574000.0,407771866.67,0,602393733.33,331316553.33,150598433.33,120478746.67,38,SIMULATED
2023-04-01,CUS09,542780600.0,422046000.0,430235000.0,0,534591600.0,294025380.0,133647900.0,106918320.0,38,SIMULATED
2023-04-01,CUS10,460506800.0,428511000.0,346237200.0,0,542780600.0,298529330.0,135695150.0,108556120.0,38,SIMULATED
2023-05-01,CUS01,522933200.0,428511000.0,408663600.0,0,542780600.0,298529330.0,135695150.0,108556120.0,38,SIMULATED
2023-05-01,CUS02,507783866.67,412842000.0,397692666.67,0,522933200.0,287613260.0,130733300.0,104586640.0,38,SIMULATED
2023-05-01,CUS03,451284200.0,400882000.0,344382333.33,0,507783866.67,279281126.67,126945966.67,101556773.33,38,SIMULATED
2023-05-01,CUS04,719203200.0,356277000.0,624196000.0,0,451284200.0,248206310.0,112821050.0,90256840.0,38,SIMULATED
2023-05-01,CUS05,824835600.0,567792000.0,673424400.0,0,719203200.0,395561760.0,179800800.0,143840640.0,38,SIMULATED
2023-05-01,CUS06,741491466.67,651186000.0,567841866.67,0,824835600.0,453659580.0,206208900.0,164967120.0,38,SIMULATED
2023-05-01,CUS07,688098933.33,585388000.0,531995466.66,0,741491466.67,407820306.67,185372866.67,148298293.33,38,SIMULATED
2023-05-01,CUS08,602393733.33,543236000.0,457530800.0,0,688098933.33,378454413.33,172024733.33,137619786.67,38,SIMULATED
2023-05-01,CUS09,534591600.0,475574000.0,407771866.67,0,602393733.33,331316553.33,150598433.33,120478746.67,38,SIMULATED
2023-05-01,CUS10,542780600.0,422046000.0,430235000.0,0,534591600.0,294025380.0,133647900.0,106918320.0,38,SIMULATED
2023-06-01,CUS01,542780600.0,422046000.0,303621200.0,0,661205400.0,363662970.0,165301350.0,132241080.0,47,SIMULATED
2023-06-01,CUS02,522933200.0,428511000.0,280110300.0,0,671333900.0,369233645.0,167833475.0,134266780.0,47,SIMULATED
2023-06-01,CUS03,507783866.67,412842000.0,273840066.67,0,646785800.0,355732190.0,161696450.0,129357160.0,47,SIMULATED
2023-06-01,CUS04,451284200.0,400882000.0,224117733.33,0,628048466.67,345426656.67,157012116.67,125609693.33,47,SIMULATED
2023-06-01,CUS05,719203200.0,356277000.0,517312900.0,0,558167300.0,306992015.0,139541825.0,111633460.0,47,SIMULATED
2023-06-01,CUS06,824835600.0,567792000.0,503086800.0,0,889540800.0,489247440.0,222385200.0,177908160.0,47,SIMULATED
2023-06-01,CUS07,741491466.67,651186000.0,372486066.67,0,1020191400.0,561105270.0,255047850.0,204038280.0,47,SIMULATED
2023-06-01,CUS08,688098933.33,585388000.0,356379066.66,0,917107866.67,504409326.67,229276966.67,183421573.33,47,SIMULATED
2023-06-01,CUS09,602393733.33,543236000.0,294560000.0,0,851069733.33,468088353.33,212767433.33,170213946.67,47,SIMULATED
2023-06-01,CUS10,534591600.0,475574000.0,265099666.67,0,745065933.33,409786263.33,186266483.33,149013186.67,47,SIMULATED
2023-07-01,CUS01,661205400.0,475574000.0,534385666.67,0,602393733.33,331316553.33,150598433.33,120478746.67,38,SIMULATED
2023-07-01,CUS02,671333900.0,422046000.0,558788300.0,0,534591600.0,294025380.0,133647900.0,106918320.0,38,SIMULATED
2023-07-01,CUS03,646785800.0,428511000.0,532516200.0,0,542780600.0,298529330.0,135695150.0,108556120.0,38,SIMULATED
2023-07-01,CUS04,628048466.67,412842000.0,517957266.67,0,522933200.0,287613260.0,130733300.0,104586640.0,38,SIMULATED
2023-07-01,CUS05,558167300.0,400882000.0,451265433.33,0,507783866.67,279281126.67,126945966.67,101556773.33,38,SIMULATED
2023-07-01,CUS06,889540800.0,356277000.0,794533600.0,0,451284200.0,248206310.0,112821050.0,90256840.0,38,SIMULATED
2023-07-01,CUS07,1020191400.0,567792000.0,868780200.0,0,719203200.0,395561760.0,179800800.0,143840640.0,38,SIMULATED
2023-07-01,CUS08,917107866.67,651186000.0,743458266.67,0,824835600.0,453659580.0,206208900.0,164967120.0,38,SIMULATED
2023-07-01,CUS09,851069733.33,585388000.0,694966266.66,0,741491466.67,407820306.67,185372866.67,148298293.33,38,SIMULATED
2023-07-01,CUS10,745065933.33,543236000.0,600203000.0,0,688098933.33,378454413.33,172024733.33,137619786.67,38,SIMULATED
2023-08-01,CUS01,602393733.33,543236000.0,457530800.0,0,688098933.33,378454413.33,172024733.33,137619786.67,38,SIMULATED
2023-08-01,CUS02,534591600.0,475574000.0,407771866.67,0,602393733.33,331316553.33,150598433.33,120478746.67,38,SIMULATED
2023-08-01,CUS03,542780600.0,475724000.0,415920866.67,0,602583733.33,331421053.33,150645933.33,120516746.67,38,SIMULATED
2023-08-01,CUS04,522933200.0,428511000.0,408663600.0,0,542780600.0,298529330.0,135695150.0,108556120.0,38,SIMULATED
2023-08-01,CUS05,507783866.67,412842000.0,397692666.67,0,522933200.0,287613260.0,130733300.0,104586640.0,38,SIMULATED
2023-08-01,CUS06,451284200.0,400882000.0,344382333.33,0,507783866.67,279281126.67,126945966.67,101556773.33,38,SIMULATED
2023-08-01,CUS07,719203200.0,356277000.0,624196000.0,0,451284200.0,248206310.0,112821050.0,90256840.0,38,SIMULATED
2023-08-01,CUS08,824835600.0,567792000.0,673424400.0,0,719203200.0,395561760.0,179800800.0,143840640.0,38,SIMULATED
2023-08-01,CUS09,741491466.67,651186000.0,567841866.67,0,824835600.0,453659580.0,206208900.0,164967120.0,38,SIMULATED
2023-08-01,CUS10,688098933.33,607996000.0,525966666.66,0,770128266.67,423570546.67,192532066.67,154025653.33,38,SIMULATED
2023-09-01,CUS01,688098933.33,658558000.0,512483466.66,0,834173466.67,458795406.67,208543366.67,166834693.33,38,SIMULATED
2023-09-01,CUS02,602393733.33,600476000.0,442266800.0,0,760602933.33,418331613.33,190150733.33,152120586.67,38,SIMULATED
2023-09-01,CUS03,602583733.33,594546000.0,444038133.33,0,753091600.0,414200380.0,188272900.0,150618320.0,38,SIMULATED
2023-09-01,CUS04,542780600.0,475724000.0,415920866.67,0,602583733.33,331421053.33,150645933.33,120516746.67,38,SIMULATED
2023-09-01,CUS05,522933200.0,428511000.0,408663600.0,0,542780600.0,298529330.0,135695150.0,108556120.0,38,SIMULATED
2023-09-01,CUS06,507783866.67,434784000.0,391841466.67,0,550726400.0,302899520.0,137681600.0,110145280.0,38,SIMULATED
2023-09-01,CUS07,451284200.0,424732000.0,338022333.33,0,537993866.67,295896626.67,134498466.67,107598773.33,38,SIMULATED
2023-09-01,CUS08,719203200.0,384897000.0,616564000.0,0,487536200.0,268144910.0,121884050.0,97507240.0,38,SIMULATED
2023-09-01,CUS09,824835600.0,589734000.0,667573200.0,0,746996400.0,410848020.0,186749100.0,149399280.0,38,SIMULATED
2023-09-01,CUS10,770128266.67,680760000.0,588592266.67,0,862296000.0,474262800.0,215574000.0,172459200.0,38,SIMULATED
2023-10-01,CUS01,834173466.67,741816000.0,636355866.67,0,939633600.0,516798480.0,234908400.0,187926720.0,38,SIMULATED
2023-10-01,CUS02,760602933.33,686224000.0,577609866.66,0,869217066.67,478069386.67,217304266.67,173843413.33,38,SIMULATED
2023-10-01,CUS03,753091600.0,627417000.0,585780400.0,0,794728200.0,437100510.0,198682050.0,158945640.0,38,SIMULATED
2023-10-01,CUS04,602583733.33,594546000.0,444038133.33,0,753091600.0,414200380.0,188272900.0,150618320.0,38,SIMULATED
2023-10-01,CUS05,542780600.0,504344000.0,408288866.67,0,638835733.33,351359653.33,159708933.33,127767146.67,38,SIMULATED
2023-10-01,CUS06,550726400.0,450453000.0,430605600.0,0,570573800.0,313815590.0,142643450.0,114114760.0,38,SIMULATED
2023-10-01,CUS07,537993866.67,462654000.0,414619466.67,0,586028400.0,322315620.0,146507100.0,117205680.0,38,SIMULATED
2023-10-01,CUS08,487536200.0,424732000.0,374274333.33,0,537993866.67,295896626.67,134498466.67,107598773.33,38,SIMULATED
2023-10-01,CUS09,746996400.0,427827000.0,632909200.0,0,541914200.0,298052810.0,135478550.0,108382840.0,38,SIMULATED
2023-10-01,CUS10,862296000.0,619308000.0,697147200.0,0,784456800.0,431451240.0,196114200.0,156891360.0,38,SIMULATED
2023-11-01,CUS01,939633600.0,673143000.0,760128800.0,0,852647800.0,468956290.0,213161950.0,170529560.0,38,SIMULATED
2023-11-01,CUS02,869217066.67,773256000.0,663015466.67,0,979457600.0,538701680.0,244864400.0,195891520.0,38,SIMULATED
2023-11-01,CUS03,794728200.0,725607000.0,601233000.0,0,919102200.0,505506210.0,229775550.0,183820440.0,38,SIMULATED
2023-11-01,CUS04,753091600.0,633369000.0,584193200.0,0,802267400.0,441247070.0,200566850.0,160453480.0,38,SIMULATED
2023-11-01,CUS05,638835733.33,628056000.0,471354133.33,0,795537600.0,437545680.0,198884400.0,159107520.0,38,SIMULATED
2023-11-01,CUS06,570573800.0,542516000.0,425902866.67,0,687186933.33,377952813.33,171796733.33,137437386.67,38,SIMULATED
2023-11-01,CUS07,586028400.0,488196000.0,455842800.0,0,618381600.0,340109880.0,154595400.0,123676320.0,38,SIMULATED
2023-11-01,CUS08,537993866.67,496986000.0,405464266.67,0,629515600.0,346233580.0,157378900.0,125903120.0,38,SIMULATED
2023-11-01,CUS09,541914200.0,451373000.0,421548066.67,0,571739133.33,314456523.33,142934783.33,114347826.67,38,SIMULATED
2023-11-01,CUS10,784456800.0,436772000.0,667984266.67,0,553244533.33,304284493.33,138311133.33,110648906.67,38,SIMULATED
2023-12-01,CUS01,852647800.0,515648000.0,715141666.67,0,653154133.33,359234773.33,163288533.33,130630826.67,38,SIMULATED
2023-12-01,CUS02,979457600.0,724677000.0,786210400.0,0,917924200.0,504858310.0,229481050.0,183584840.0,38,SIMULATED
2023-12-01,CUS03,919102200.0,933672000.0,670123000.0,0,1182651200.0,650458160.0,295662800.0,236530240.0,38,SIMULATED
2023-12-01,CUS04,802267400.0,779895000.0,594295400.0,0,987867000.0,543326850.0,246966750.0,197573400.0,38,SIMULATED
2023-12-01,CUS05,795537600.0,747303000.0,596256800.0,0,946583800.0,520621090.0,236645950.0,189316760.0,38,SIMULATED
2023-12-01,CUS06,687186933.33,674334000.0,507364533.33,0,854156400.0,469786020.0,213539100.0,170831280.0,38,SIMULATED
2023-12-01,CUS07,618381600.0,614878000.0,454414133.33,0,778845466.67,428365006.67,194711366.67,155769093.33,38,SIMULATED
2023-12-01,CUS08,629515600.0,526098000.0,489222800.0,0,666390800.0,366514940.0,166597700.0,133278160.0,38,SIMULATED
2023-12-01,CUS09,571739133.33,559008000.0,422670333.33,0,708076800.0,389442240.0,177019200.0,141615360.0,38,SIMULATED
2023-12-01,CUS10,553244533.33,538277000.0,409704000.0,0,681817533.33,374999643.33,170454383.33,136363506.67,38,SIMULATED
2024-01-01,CUS01,653154133.33,424732000.0,539892266.66,0,537993866.67,295896626.67,134498466.67,107598773.33,38,SIMULATED
2024-01-01,CUS02,917924200.0,384897000.0,815285000.0,0,487536200.0,268144910.0,121884050.0,97507240.0,38,SIMULATED
2024-01-01,CUS03,1182651200.0,589734000.0,1025388800.0,0,746996400.0,410848020.0,186749100.0,149399280.0,38,SIMULATED
2024-01-01,CUS04,987867000.0,708426000.0,798953400.0,0,897339600.0,493536780.0,224334900.0,179467920.0,38,SIMULATED
2024-01-01,CUS05,946583800.0,658558000.0,770968333.33,0,834173466.67,458795406.67,208543366.67,166834693.33,38,SIMULATED
2024-01-01,CUS06,854156400.0,627417000.0,686845200.0,0,794728200.0,437100510.0,198682050.0,158945640.0,38,SIMULATED
2024-01-01,CUS07,778845466.67,594546000.0,620299866.67,0,753091600.0,414200380.0,188272900.0,150618320.0,38,SIMULATED
2024-01-01,CUS08,666390800.0,475724000.0,539531066.67,0,602583733.33,331421053.33,150645933.33,120516746.67,38,SIMULATED
2024-01-01,CUS09,708076800.0,428511000.0,593807200.0,0,542780600.0,298529330.0,135695150.0,108556120.0,38,SIMULATED
2024-01-01,CUS10,681817533.33,434784000.0,565875133.33,0,550726400.0,302899520.0,137681600.0,110145280.0,38,SIMULATED
2024-02-01,CUS01,537993866.67,434784000.0,422051466.67,0,550726400.0,302899520.0,137681600.0,110145280.0,38,SIMULATED
2024-02-01,CUS02,487536200.0,424732000.0,374274333.33,0,537993866.67,295896626.67,134498466.67,107598773.33,38,SIMULATED
2024-02-01,CUS03,746996400.0,384897000.0,644357200.0,0,487536200.0,268144910.0,121884050.0,97507240.0,38,SIMULATED
2024-02-01,CUS04,897339600.0,589734000.0,740077200.0,0,746996400.0,410848020.0,186749100.0,149399280.0,38,SIMULATED
2024-02-01,CUS05,834173466.67,651186000.0,660523866.67,0,824835600.0,453659580.0,206208900.0,164967120.0,38,SIMULATED
2024-02-01,CUS06,794728200.0,638524000.0,624455133.33,0,808797066.67,444838386.67,202199266.67,161759413.33,38,SIMULATED
2024-02-01,CUS07,753091600.0,627417000.0,585780400.0,0,794728200.0,437100510.0,198682050.0,158945640.0,38,SIMULATED
2024-02-01,CUS08,602583733.33,568788000.0,450906933.33,0,720464800.0,396255640.0,180116200.0,144092960.0,38,SIMULATED
2024-02-01,CUS09,542780600.0,475724000.0,415920866.67,0,602583733.33,331421053.33,150645933.33,120516746.67,38,SIMULATED
2024-02-01,CUS10,550726400.0,428511000.0,436456800.0,0,542780600.0,298529330.0,135695150.0,108556120.0,38,SIMULATED
2024-03-01,CUS01,550726400.0,450453000.0,430605600.0,0,570573800.0,313815590.0,142643450.0,114114760.0,38,SIMULATED
2024-03-01,CUS02,537993866.67,462654000.0,414619466.67,0,586028400.0,322315620.0,146507100.0,117205680.0,38,SIMULATED
2024-03-01,CUS03,487536200.0,424732000.0,374274333.33,0,537993866.67,295896626.67,134498466.67,107598773.33,38,SIMULATED
2024-03-01,CUS04,746996400.0,451052000.0,626715866.67,0,571332533.33,314232893.33,142833133.33,114266506.67,38,SIMULATED
2024-03-01,CUS05,824835600.0,619308000.0,659686800.0,0,784456800.0,431451240.0,196114200.0,156891360.0,38,SIMULATED
2024-03-01,CUS06,808797066.67,741816000.0,610979466.67,0,939633600.0,516798480.0,234908400.0,187926720.0,38,SIMULATED
2024-03-01,CUS07,794728200.0,686224000.0,611735133.33,0,869217066.67,478069386.67,217304266.67,173843413.33,38,SIMULATED
2024-03-01,CUS08,720464800.0,627417000.0,553153600.0,0,794728200.0,437100510.0,198682050.0,158945640.0,38,SIMULATED
2024-03-01,CUS09,602583733.33,594546000.0,444038133.33,0,753091600.0,414200380.0,188272900.0,150618320.0,38,SIMULATED
2024-03-01,CUS10,542780600.0,504344000.0,408288866.67,0,638835733.33,351359653.33,159708933.33,127767146.67,38,SIMULATED
2024-04-01,CUS01,570573800.0,504344000.0,436082066.67,0,638835733.33,351359653.33,159708933.33,127767146.67,38,SIMULATED
2024-04-01,CUS02,586028400.0,479073000.0,458275600.0,0,606825800.0,333754190.0,151706450.0,121365160.0,38,SIMULATED
2024-04-01,CUS03,537993866.67,489366000.0,407496266.67,0,619863600.0,340924980.0,154965900.0,123972720.0,38,SIMULATED
2024-04-01,CUS04,571332533.33,444766000.0,452728266.66,0,563370266.67,309853646.67,140842566.67,112674053.33,38,SIMULATED
2024-04-01,CUS05,784456800.0,451052000.0,664176266.67,0,571332533.33,314232893.33,142833133.33,114266506.67,38,SIMULATED
2024-04-01,CUS06,939633600.0,619308000.0,774484800.0,0,784456800.0,431451240.0,196114200.0,156891360.0,38,SIMULATED
2024-04-01,CUS07,869217066.67,776160000.0,662241066.67,0,983136000.0,540724800.0,245784000.0,196627200.0,38,SIMULATED
2024-04-01,CUS08,794728200.0,686224000.0,611735133.33,0,869217066.67,478069386.67,217304266.67,173843413.33,38,SIMULATED
2024-04-01,CUS09,753091600.0,627417000.0,585780400.0,0,794728200.0,437100510.0,198682050.0,158945640.0,38,SIMULATED
2024-04-01,CUS10,638835733.33,594546000.0,480290133.33,0,753091600.0,414200380.0,188272900.0,150618320.0,38,SIMULATED
2024-05-01,CUS01,638835733.33,594546000.0,480290133.33,0,753091600.0,414200380.0,188272900.0,150618320.0,38,SIMULATED
2024-05-01,CUS02,606825800.0,504344000.0,472334066.67,0,638835733.33,351359653.33,159708933.33,127767146.67,38,SIMULATED
2024-05-01,CUS03,619863600.0,479073000.0,492110800.0,0,606825800.0,333754190.0,151706450.0,121365160.0,38,SIMULATED
2024-05-01,CUS04,563370266.67,462654000.0,439995866.67,0,586028400.0,322315620.0,146507100.0,117205680.0,38,SIMULATED
2024-05-01,CUS05,571332533.33,424732000.0,458070666.66,0,537993866.67,295896626.67,134498466.67,107598773.33,38,SIMULATED
2024-05-01,CUS06,784456800.0,451052000.0,664176266.67,0,571332533.33,314232893.33,142833133.33,114266506.67,38,SIMULATED
2024-05-01,CUS07,983136000.0,619308000.0,817987200.0,0,784456800.0,431451240.0,196114200.0,156891360.0,38,SIMULATED
2024-05-01,CUS08,869217066.67,741816000.0,671399466.67,0,939633600.0,516798480.0,234908400.0,187926720.0,38,SIMULATED
2024-05-01,CUS09,794728200.0,686224000.0,611735133.33,0,869217066.67,478069386.67,217304266.67,173843413.33,38,SIMULATED
2024-05-01,CUS10,753091600.0,627417000.0,585780400.0,0,794728200.0,437100510.0,198682050.0,158945640.0,38,SIMULATED
2024-06-01,CUS01,753091600.0,627417000.0,397555300.0,0,982953300.0,540624315.0,245738325.0,196590660.0,47,SIMULATED
2024-06-01,CUS02,638835733.33,594546000.0,301926333.33,0,931455400.0,512300470.0,232863850.0,186291080.0,47,SIMULATED
2024-06-01,CUS03,606825800.0,504344000.0,321030866.67,0,790138933.33,434576413.33,197534733.33,158027786.67,47,SIMULATED
2024-06-01,CUS04,586028400.0,479073000.0,314553700.0,0,750547700.0,412801235.0,187636925.0,150109540.0,47,SIMULATED
2024-06-01,CUS05,537993866.67,462654000.0,275823266.67,0,724824600.0,398653530.0,181206150.0,144964920.0,47,SIMULATED
2024-06-01,CUS06,571332533.33,424732000.0,330651066.66,0,665413466.67,365977406.67,166353366.67,133082693.33,47,SIMULATED
2024-06-01,CUS07,784456800.0,451052000.0,528860666.67,0,706648133.33,388656473.33,176662033.33,141329626.67,47,SIMULATED
2024-06-01,CUS08,939633600.0,619308000.0,588692400.0,0,970249200.0,533637060.0,242562300.0,194049840.0,47,SIMULATED
2024-06-01,CUS09,869217066.67,741816000.0,448854666.67,0,1162178400.0,639198120.0,290544600.0,232435680.0,47,SIMULATED
2024-06-01,CUS10,794728200.0,686224000.0,405867933.33,0,1075084266.67,591296346.67,268771066.67,215016853.33,47,SIMULATED
2024-07-01,CUS01,982953300.0,686224000.0,799960233.33,0,869217066.67,478069386.67,217304266.67,173843413.33,38,SIMULATED
2024-07-01,CUS02,931455400.0,627417000.0,764144200.0,0,794728200.0,437100510.0,198682050.0,158945640.0,38,SIMULATED
2024-07-01,CUS03,790138933.33,594546000.0,631593333.33,0,753091600.0,414200380.0,188272900.0,150618320.0,38,SIMULATED
2024-07-01,CUS04,750547700.0,504344000.0,616055966.67,0,638835733.33,351359653.33,159708933.33,127767146.67,38,SIMULATED
2024-07-01,CUS05,724824600.0,479073000.0,597071800.0,0,606825800.0,333754190.0,151706450.0,121365160.0,38,SIMULATED
2024-07-01,CUS06,665413466.67,462654000.0,542039066.67,0,586028400.0,322315620.0,146507100.0,117205680.0,38,SIMULATED
2024-07-01,CUS07,706648133.33,446099000.0,587688400.0,0,565058733.33,310782303.33,141264683.33,113011746.67,38,SIMULATED
2024-07-01,CUS08,970249200.0,451052000.0,849968666.67,0,571332533.33,314232893.33,142833133.33,114266506.67,38,SIMULATED
2024-07-01,CUS09,1162178400.0,619308000.0,997029600.0,0,784456800.0,431451240.0,196114200.0,156891360.0,38,SIMULATED
2024-07-01,CUS10,1075084266.67,741816000.0,877266666.67,0,939633600.0,516798480.0,234908400.0,187926720.0,38,SIMULATED
2024-08-01,CUS01,869217066.67,776160000.0,662241066.67,0,983136000.0,540724800.0,245784000.0,196627200.0,38,SIMULATED
2024-08-01,CUS02,794728200.0,715023000.0,604055400.0,0,905695800.0,498132690.0,226423950.0,181139160.0,38,SIMULATED
2024-08-01,CUS03,753091600.0,627417000.0,585780400.0,0,794728200.0,437100510.0,198682050.0,158945640.0,38,SIMULATED
2024-08-01,CUS04,638835733.33,621258000.0,473166933.33,0,786926800.0,432809740.0,196731700.0,157385360.0,38,SIMULATED
2024-08-01,CUS05,606825800.0,530102000.0,465465266.67,0,671462533.33,369304393.33,167865633.33,134292506.67,38,SIMULATED
2024-08-01,CUS06,586028400.0,504156000.0,451586800.0,0,638597600.0,351228680.0,159649400.0,127719520.0,38,SIMULATED
2024-08-01,CUS07,565058733.33,489366000.0,434561133.33,0,619863600.0,340924980.0,154965900.0,123972720.0,38,SIMULATED
2024-08-01,CUS08,571332533.33,466133000.0,447030400.0,0,590435133.33,324739323.33,147608783.33,118087026.67,38,SIMULATED
2024-08-01,CUS09,784456800.0,451052000.0,664176266.67,0,571332533.33,314232893.33,142833133.33,114266506.67,38,SIMULATED
2024-08-01,CUS10,939633600.0,661713000.0,763176800.0,0,838169800.0,460993390.0,209542450.0,167633960.0,38,SIMULATED
2024-09-01,CUS01,983136000.0,695103000.0,797775200.0,0,880463800.0,484255090.0,220115950.0,176092760.0,38,SIMULATED
2024-09-01,CUS02,905695800.0,798456000.0,692774200.0,0,1011377600.0,556257680.0,252844400.0,202275520.0,38,SIMULATED
2024-09-01,CUS03,794728200.0,715023000.0,604055400.0,0,905695800.0,498132690.0,226423950.0,181139160.0,38,SIMULATED
2024-09-01,CUS04,786926800.0,654129000.0,612492400.0,0,828563400.0,455709870.0,207140850.0,165712680.0,38,SIMULATED
2024-09-01,CUS05,671462533.33,621258000.0,505793733.33,0,786926800.0,432809740.0,196731700.0,157385360.0,38,SIMULATED
2024-09-01,CUS06,638597600.0,560246000.0,489198666.67,0,709644933.33,390304713.33,177411233.33,141928986.67,38,SIMULATED
2024-09-01,CUS07,619863600.0,504156000.0,485422000.0,0,638597600.0,351228680.0,159649400.0,127719520.0,38,SIMULATED
2024-09-01,CUS08,590435133.33,513216000.0,453577533.33,0,650073600.0,357540480.0,162518400.0,130014720.0,38,SIMULATED
2024-09-01,CUS09,571332533.33,466133000.0,447030400.0,0,590435133.33,324739323.33,147608783.33,118087026.67,38,SIMULATED
2024-09-01,CUS10,838169800.0,451052000.0,717889266.67,0,571332533.33,314232893.33,142833133.33,114266506.67,38,SIMULATED
2024-10-01,CUS01,880463800.0,472718000.0,754405666.67,0,598776133.33,329326873.33,149694033.33,119755226.67,38,SIMULATED
2024-10-01,CUS02,1011377600.0,724677000.0,818130400.0,0,917924200.0,504858310.0,229481050.0,183584840.0,38,SIMULATED
2024-10-01,CUS03,905695800.0,828030000.0,684887800.0,0,1048838000.0,576860900.0,262209500.0,209767600.0,38,SIMULATED
2024-10-01,CUS04,828563400.0,779895000.0,620591400.0,0,987867000.0,543326850.0,246966750.0,197573400.0,38,SIMULATED
2024-10-01,CUS05,786926800.0,716775000.0,595786800.0,0,907915000.0,499353250.0,226978750.0,181583000.0,38,SIMULATED
2024-10-01,CUS06,709644933.33,674334000.0,529822533.33,0,854156400.0,469786020.0,213539100.0,170831280.0,38,SIMULATED
2024-10-01,CUS07,638597600.0,586258000.0,482262133.33,0,742593466.67,408426406.67,185648366.67,148518693.33,38,SIMULATED
2024-10-01,CUS08,650073600.0,526098000.0,509780800.0,0,666390800.0,366514940.0,166597700.0,133278160.0,38,SIMULATED
2024-10-01,CUS09,590435133.33,535158000.0,447726333.33,0,677866800.0,372826740.0,169466700.0,135573360.0,38,SIMULATED
2024-10-01,CUS10,571332533.33,494393000.0,439494400.0,0,626231133.33,344427123.33,156557783.33,125246226.67,38,SIMULATED
2024-11-01,CUS01,598776133.33,566862000.0,447612933.33,0,718025200.0,394913860.0,179506300.0,143605040.0,38,SIMULATED
2024-11-01,CUS02,917924200.0,521803000.0,778776733.33,0,660950466.67,363522756.67,165237616.67,132190093.33,38,SIMULATED
2024-11-01,CUS03,1048838000.0,720666000.0,856660400.0,0,912843600.0,502063980.0,228210900.0,182568720.0,38,SIMULATED
2024-11-01,CUS04,987867000.0,904212000.0,746743800.0,0,1145335200.0,629934360.0,286333800.0,229067040.0,38,SIMULATED
2024-11-01,CUS05,907915000.0,814509000.0,690712600.0,0,1031711400.0,567441270.0,257927850.0,206342280.0,38,SIMULATED
2024-11-01,CUS06,854156400.0,797692000.0,641438533.33,0,1010409866.67,555725426.67,252602466.67,202081973.33,38,SIMULATED
2024-11-01,CUS07,742593466.67,707644000.0,553888400.0,0,896349066.67,492991986.67,224087266.67,179269813.33,38,SIMULATED
2024-11-01,CUS08,666390800.0,620356000.0,500962533.33,0,785784266.67,432181346.67,196446066.67,157156853.33,38,SIMULATED
2024-11-01,CUS09,677866800.0,556236000.0,529537200.0,0,704565600.0,387511080.0,176141400.0,140913120.0,38,SIMULATED
2024-11-01,CUS10,626231133.33,541338000.0,481874333.33,0,685694800.0,377132140.0,171423700.0,137138960.0,38,SIMULATED
2024-12-01,CUS01,718025200.0,632670000.0,549313200.0,0,801382000.0,440760100.0,200345500.0,160276400.0,38,SIMULATED
2024-12-01,CUS02,660950466.67,629286000.0,493140866.67,0,797095600.0,438402580.0,199273900.0,159419120.0,38,SIMULATED
2024-12-01,CUS03,912843600.0,581803000.0,757696133.33,0,736950466.67,405322756.67,184237616.67,147390093.33,38,SIMULATED
2024-12-01,CUS04,1145335200.0,875538000.0,911858400.0,0,1109014800.0,609958140.0,277253700.0,221802960.0,38,SIMULATED
2024-12-01,CUS05,1031711400.0,985542000.0,768900200.0,0,1248353200.0,686594260.0,312088300.0,249670640.0,38,SIMULATED
2024-12-01,CUS06,1010409866.67,953781000.0,756068266.67,0,1208122600.0,664467430.0,302030650.0,241624520.0,38,SIMULATED
2024-12-01,CUS07,896349066.67,850564000.0,669532000.0,0,1077381066.67,592559586.67,269345266.67,215476213.33,38,SIMULATED
2024-12-01,CUS08,785784266.67,819496000.0,567252000.0,0,1038028266.67,570915546.67,259507066.67,207605653.33,38,SIMULATED
2024-12-01,CUS09,704565600.0,700992000.0,517634400.0,0,887923200.0,488357760.0,221980800.0,177584640.0,38,SIMULATED
2024-12-01,CUS10,685694800.0,628119000.0,518196400.0,0,795617400.0,437589570.0,198904350.0,159123480.0,38,SIMULATED
2025-01-01,CUS01,801382000.0,504156000.0,666940400.0,0,638597600.0,351228680.0,159649400.0,127719520.0,38,SIMULATED
2025-01-01,CUS02,797095600.0,513216000.0,660238000.0,0,650073600.0,357540480.0,162518400.0,130014720.0,38,SIMULATED
2025-01-01,CUS03,736950466.67,466133000.0,612648333.34,0,590435133.33,324739323.33,147608783.33,118087026.67,38,SIMULATED
2025-01-01,CUS04,1109014800.0,451052000.0,988734266.67,0,571332533.33,314232893.33,142833133.33,114266506.67,38,SIMULATED
2025-01-01,CUS05,1248353200.0,695103000.0,1062992400.0,0,880463800.0,484255090.0,220115950.0,176092760.0,38,SIMULATED
2025-01-01,CUS06,1208122600.0,798456000.0,995201000.0,0,1011377600.0,556257680.0,252844400.0,202275520.0,38,SIMULATED
2025-01-01,CUS07,1077381066.67,715023000.0,886708266.67,0,905695800.0,498132690.0,226423950.0,181139160.0,38,SIMULATED
2025-01-01,CUS08,1038028266.67,687573000.0,854675466.67,0,870925800.0,479009190.0,217731450.0,174185160.0,38,SIMULATED
2025-01-01,CUS09,887923200.0,621258000.0,722254400.0,0,786926800.0,432809740.0,196731700.0,157385360.0,38,SIMULATED
2025-01-01,CUS10,795617400.0,586258000.0,639281933.33,0,742593466.67,408426406.67,185648366.67,148518693.33,38,SIMULATED
2025-02-01,CUS01,638597600.0,586258000.0,482262133.33,0,742593466.67,408426406.67,185648366.67,148518693.33,38,SIMULATED
2025-02-01,CUS02,650073600.0,504156000.0,515632000.0,0,638597600.0,351228680.0,159649400.0,127719520.0,38,SIMULATED
2025-02-01,CUS03,590435133.33,513216000.0,453577533.33,0,650073600.0,357540480.0,162518400.0,130014720.0,38,SIMULATED
2025-02-01,CUS04,571332533.33,466133000.0,447030400.0,0,590435133.33,324739323.33,147608783.33,118087026.67,38,SIMULATED
2025-02-01,CUS05,880463800.0,451052000.0,760183266.67,0,571332533.33,314232893.33,142833133.33,114266506.67,38,SIMULATED
2025-02-01,CUS06,1011377600.0,695103000.0,826016800.0,0,880463800.0,484255090.0,220115950.0,176092760.0,38,SIMULATED
2025-02-01,CUS07,905695800.0,798456000.0,692774200.0,0,1011377600.0,556257680.0,252844400.0,202275520.0,38,SIMULATED
2025-02-01,CUS08,870925800.0,715023000.0,680253000.0,0,905695800.0,498132690.0,226423950.0,181139160.0,38,SIMULATED
2025-02-01,CUS09,786926800.0,660861000.0,610697200.0,0,837090600.0,460399830.0,209272650.0,167418120.0,38,SIMULATED
2025-02-01,CUS10,742593466.67,621258000.0,576924666.67,0,786926800.0,432809740.0,196731700.0,157385360.0,38,SIMULATED
2025-03-01,CUS01,742593466.67,648576000.0,569639866.67,0,821529600.0,451841280.0,205382400.0,164305920.0,38,SIMULATED
2025-03-01,CUS02,638597600.0,586258000.0,482262133.33,0,742593466.67,408426406.67,185648366.67,148518693.33,38,SIMULATED
2025-03-01,CUS03,650073600.0,526098000.0,509780800.0,0,666390800.0,366514940.0,166597700.0,133278160.0,38,SIMULATED
2025-03-01,CUS04,590435133.33,535158000.0,447726333.33,0,677866800.0,372826740.0,169466700.0,135573360.0,38,SIMULATED
2025-03-01,CUS05,571332533.33,466133000.0,447030400.0,0,590435133.33,324739323.33,147608783.33,118087026.67,38,SIMULATED
2025-03-01,CUS06,880463800.0,472718000.0,754405666.67,0,598776133.33,329326873.33,149694033.33,119755226.67,38,SIMULATED
2025-03-01,CUS07,1011377600.0,695103000.0,826016800.0,0,880463800.0,484255090.0,220115950.0,176092760.0,38,SIMULATED
2025-03-01,CUS08,905695800.0,798456000.0,692774200.0,0,1011377600.0,556257680.0,252844400.0,202275520.0,38,SIMULATED
2025-03-01,CUS09,837090600.0,749367000.0,637259400.0,0,949198200.0,522059010.0,237299550.0,189839640.0,38,SIMULATED
2025-03-01,CUS10,786926800.0,687573000.0,603574000.0,0,870925800.0,479009190.0,217731450.0,174185160.0,38,SIMULATED
2025-04-01,CUS01,821529600.0,716775000.0,630389600.0,0,907915000.0,499353250.0,226978750.0,181583000.0,38,SIMULATED
2025-04-01,CUS02,742593466.67,674334000.0,562771066.67,0,854156400.0,469786020.0,213539100.0,170831280.0,38,SIMULATED
2025-04-01,CUS03,666390800.0,586258000.0,510055333.33,0,742593466.67,408426406.67,185648366.67,148518693.33,38,SIMULATED
2025-04-01,CUS04,677866800.0,526098000.0,537574000.0,0,666390800.0,366514940.0,166597700.0,133278160.0,38,SIMULATED
2025-04-01,CUS05,590435133.33,535158000.0,447726333.33,0,677866800.0,372826740.0,169466700.0,135573360.0,38,SIMULATED
2025-04-01,CUS06,598776133.33,494393000.0,466938000.0,0,626231133.33,344427123.33,156557783.33,125246226.67,38,SIMULATED
2025-04-01,CUS07,880463800.0,472718000.0,754405666.67,0,598776133.33,329326873.33,149694033.33,119755226.67,38,SIMULATED
2025-04-01,CUS08,1011377600.0,724677000.0,818130400.0,0,917924200.0,504858310.0,229481050.0,183584840.0,38,SIMULATED
2025-04-01,CUS09,949198200.0,851880000.0,722030200.0,0,1079048000.0,593476400.0,269762000.0,215809600.0,38,SIMULATED
2025-04-01,CUS10,870925800.0,779895000.0,662953800.0,0,987867000.0,543326850.0,246966750.0,197573400.0,38,SIMULATED
2025-05-01,CUS01,907915000.0,779895000.0,699943000.0,0,987867000.0,543326850.0,246966750.0,197573400.0,38,SIMULATED
2025-05-01,CUS02,854156400.0,716775000.0,663016400.0,0,907915000.0,499353250.0,226978750.0,181583000.0,38,SIMULATED
2025-05-01,CUS03,742593466.67,674334000.0,562771066.67,0,854156400.0,469786020.0,213539100.0,170831280.0,38,SIMULATED
2025-05-01,CUS04,666390800.0,586258000.0,510055333.33,0,742593466.67,408426406.67,185648366.67,148518693.33,38,SIMULATED
2025-05-01,CUS05,677866800.0,526098000.0,537574000.0,0,666390800.0,366514940.0,166597700.0,133278160.0,38,SIMULATED
2025-05-01,CUS06,626231133.33,535158000.0,483522333.33,0,677866800.0,372826740.0,169466700.0,135573360.0,38,SIMULATED
2025-05-01,CUS07,598776133.33,494393000.0,466938000.0,0,626231133.33,344427123.33,156557783.33,125246226.67,38,SIMULATED
2025-05-01,CUS08,917924200.0,472718000.0,791866066.67,0,598776133.33,329326873.33,149694033.33,119755226.67,38,SIMULATED
2025-05-01,CUS09,1079048000.0,724677000.0,885800800.0,0,917924200.0,504858310.0,229481050.0,183584840.0,38,SIMULATED
2025-05-01,CUS10,987867000.0,828030000.0,767059000.0,0,1048838000.0,576860900.0,262209500.0,209767600.0,38,SIMULATED
2025-06-01,CUS01,987867000.0,828030000.0,518650000.0,0,1297247000.0,713485850.0,324311750.0,259449400.0,47,SIMULATED
2025-06-01,CUS02,907915000.0,749367000.0,483273700.0,0,1174008300.0,645704565.0,293502075.0,234801660.0,47,SIMULATED
2025-06-01,CUS03,854156400.0,716775000.0,447983900.0,0,1122947500.0,617621125.0,280736875.0,224589500.0,47,SIMULATED
2025-06-01,CUS04,742593466.67,674334000.0,360470866.67,0,1056456600.0,581051130.0,264114150.0,211291320.0,47,SIMULATED
2025-06-01,CUS05,666390800.0,586258000.0,334177933.33,0,918470866.67,505158976.67,229617716.67,183694173.33,47,SIMULATED
2025-06-01,CUS06,677866800.0,526098000.0,379744600.0,0,824220200.0,453321110.0,206055050.0,164844040.0,47,SIMULATED
2025-06-01,CUS07,626231133.33,535158000.0,322974933.33,0,838414200.0,461127810.0,209603550.0,167682840.0,47,SIMULATED
2025-06-01,CUS08,598776133.33,494393000.0,318620100.0,0,774549033.33,426001968.33,193637258.33,154909806.67,47,SIMULATED
2025-06-01,CUS09,917924200.0,472718000.0,650050666.67,0,740591533.33,407325343.33,185147883.33,148118306.67,47,SIMULATED
2025-06-01,CUS10,1048838000.0,724677000.0,638187700.0,0,1135327300.0,624430015.0,283831825.0,227065460.0,47,SIMULATED
2025-07-01,CUS01,1297247000.0,724677000.0,1103999800.0,0,917924200.0,504858310.0,229481050.0,183584840.0,38,SIMULATED
2025-07-01,CUS02,1174008300.0,828030000.0,953200300.0,0,1048838000.0,576860900.0,262209500.0,209767600.0,38,SIMULATED
2025-07-01,CUS03,1122947500.0,749367000.0,923116300.0,0,949198200.0,522059010.0,237299550.0,189839640.0,38,SIMULATED
2025-07-01,CUS04,1056456600.0,716775000.0,865316600.0,0,907915000.0,499353250.0,226978750.0,181583000.0,38,SIMULATED
2025-07-01,CUS05,918470866.67,674334000.0,738648466.67,0,854156400.0,469786020.0,213539100.0,170831280.0,38,SIMULATED
2025-07-01,CUS06,824220200.0,586258000.0,667884733.33,0,742593466.67,408426406.67,185648366.67,148518693.33,38,SIMULATED
2025-07-01,CUS07,838414200.0,526098000.0,698121400.0,0,666390800.0,366514940.0,166597700.0,133278160.0,38,SIMULATED
2025-07-01,CUS08,774549033.33,535158000.0,631840233.33,0,677866800.0,372826740.0,169466700.0,135573360.0,38,SIMULATED
2025-07-01,CUS09,740591533.33,494393000.0,608753400.0,0,626231133.33,344427123.33,156557783.33,125246226.67,38,SIMULATED
2025-07-01,CUS10,1135327300.0,472718000.0,1009269166.67,0,598776133.33,329326873.33,149694033.33,119755226.67,38,SIMULATED
2025-08-01,CUS01,917924200.0,538873000.0,774224733.33,0,682572466.67,375414856.67,170643116.67,136514493.33,38,SIMULATED
2025-08-01,CUS02,1048838000.0,724677000.0,855590800.0,0,917924200.0,504858310.0,229481050.0,183584840.0,38,SIMULATED
2025-08-01,CUS03,949198200.0,871662000.0,716755000.0,0,1104105200.0,607257860.0,276026300.0,220821040.0,38,SIMULATED
2025-08-01,CUS04,907915000.0,779895000.0,699943000.0,0,987867000.0,543326850.0,246966750.0,197573400.0,38,SIMULATED
2025-08-01,CUS05,854156400.0,716775000.0,663016400.0,0,907915000.0,499353250.0,226978750.0,181583000.0,38,SIMULATED
2025-08-01,CUS06,742593466.67,704062000.0,554843600.0,0,891811866.67,490496526.67,222952966.67,178362373.33,38,SIMULATED
2025-08-01,CUS07,666390800.0,586258000.0,510055333.33,0,742593466.67,408426406.67,185648366.67,148518693.33,38,SIMULATED
2025-08-01,CUS08,677866800.0,526098000.0,537574000.0,0,666390800.0,366514940.0,166597700.0,133278160.0,38,SIMULATED
2025-08-01,CUS09,626231133.33,535158000.0,483522333.33,0,677866800.0,372826740.0,169466700.0,135573360.0,38,SIMULATED
2025-08-01,CUS10,598776133.33,559644000.0,449537733.33,0,708882400.0,389885320.0,177220600.0,141776480.0,38,SIMULATED
2025-09-01,CUS01,682572466.67,559644000.0,533334066.67,0,708882400.0,389885320.0,177220600.0,141776480.0,38,SIMULATED
2025-09-01,CUS02,917924200.0,538873000.0,774224733.33,0,682572466.67,375414856.67,170643116.67,136514493.33,38,SIMULATED
2025-09-01,CUS03,1104105200.0,744186000.0,905655600.0,0,942635600.0,518449580.0,235658900.0,188527120.0,38,SIMULATED
2025-09-01,CUS04,987867000.0,933672000.0,738887800.0,0,1182651200.0,650458160.0,295662800.0,236530240.0,38,SIMULATED
2025-09-01,CUS05,907915000.0,841209000.0,683592600.0,0,1065531400.0,586042270.0,266382850.0,213106280.0,38,SIMULATED
2025-09-01,CUS06,891811866.67,743716000.0,693487600.0,0,942040266.67,518122146.67,235510066.67,188408053.33,38,SIMULATED
2025-09-01,CUS07,742593466.67,704062000.0,554843600.0,0,891811866.67,490496526.67,222952966.67,178362373.33,38,SIMULATED
2025-09-01,CUS08,666390800.0,586258000.0,510055333.33,0,742593466.67,408426406.67,185648366.67,148518693.33,38,SIMULATED
2025-09-01,CUS09,677866800.0,526098000.0,537574000.0,0,666390800.0,366514940.0,166597700.0,133278160.0,38,SIMULATED
2025-09-01,CUS10,708882400.0,559008000.0,559813600.0,0,708076800.0,389442240.0,177019200.0,141615360.0,38,SIMULATED
2025-10-01,CUS01,708882400.0,586878000.0,552381600.0,0,743378800.0,408858340.0,185844700.0,148675760.0,38,SIMULATED
2025-10-01,CUS02,682572466.67,585402000.0,526465266.67,0,741509200.0,407830060.0,185377300.0,148301840.0,38,SIMULATED
2025-10-01,CUS03,942635600.0,538873000.0,798936133.33,0,682572466.67,375414856.67,170643116.67,136514493.33,38,SIMULATED
2025-10-01,CUS04,1182651200.0,773760000.0,976315200.0,0,980096000.0,539052800.0,245024000.0,196019200.0,38,SIMULATED
2025-10-01,CUS05,1065531400.0,955968000.0,810606600.0,0,1210892800.0,665991040.0,302723200.0,242178560.0,38,SIMULATED
2025-10-01,CUS06,942040266.67,868875000.0,710340266.67,0,1100575000.0,605316250.0,275143750.0,220115000.0,38,SIMULATED
2025-10-01,CUS07,891811866.67,823852000.0,672118000.0,0,1043545866.67,573950226.67,260886466.67,208709173.33,38,SIMULATED
2025-10-01,CUS08,742593466.67,730774000.0,547720400.0,0,925647066.67,509105886.67,231411766.67,185129413.33,38,SIMULATED
2025-10-01,CUS09,666390800.0,666648000.0,488618000.0,0,844420800.0,464431440.0,211105200.0,168884160.0,38,SIMULATED
2025-10-01,CUS10,708076800.0,599499000.0,548210400.0,0,759365400.0,417650970.0,189841350.0,151873080.0,38,SIMULATED
2025-11-01,CUS01,743378800.0,629481000.0,575517200.0,0,797342600.0,438538430.0,199335650.0,159468520.0,38,SIMULATED
2025-11-01,CUS02,741509200.0,612660000.0,578133200.0,0,776036000.0,426819800.0,194009000.0,155207200.0,38,SIMULATED
2025-11-01,CUS03,682572466.67,630043000.0,514561000.0,0,798054466.67,438929956.67,199513616.67,159610893.33,38,SIMULATED
2025-11-01,CUS04,980096000.0,585858000.0,823867200.0,0,742086800.0,408147740.0,185521700.0,148417360.0,38,SIMULATED
2025-11-01,CUS05,1210892800.0,866757000.0,979757600.0,0,1097892200.0,603840710.0,274473050.0,219578440.0,38,SIMULATED
2025-11-01,CUS06,1100575000.0,1046832000.0,821419800.0,0,1325987200.0,729292960.0,331496800.0,265197440.0,38,SIMULATED
2025-11-01,CUS07,1043545866.67,951410000.0,789836533.34,0,1205119333.33,662815633.33,301279833.33,241023866.67,38,SIMULATED
2025-11-01,CUS08,925647066.67,855928000.0,697399600.0,0,1084175466.67,596296506.67,271043866.67,216835093.33,38,SIMULATED
2025-11-01,CUS09,844420800.0,793576000.0,632800533.33,0,1005196266.67,552857946.67,251299066.67,201039253.33,38,SIMULATED
2025-11-01,CUS10,759365400.0,678792000.0,578354200.0,0,859803200.0,472891760.0,214950800.0,171960640.0,38,SIMULATED
2025-12-01,CUS01,797342600.0,809048000.0,581596466.67,0,1024794133.33,563636773.33,256198533.33,204958826.67,38,SIMULATED
2025-12-01,CUS02,776036000.0,727614000.0,582005600.0,0,921644400.0,506904420.0,230411100.0,184328880.0,38,SIMULATED
2025-12-01,CUS03,798054466.67,706758000.0,609585666.67,0,895226800.0,492374740.0,223806700.0,179045360.0,38,SIMULATED
2025-12-01,CUS04,742086800.0,670687000.0,563236933.33,0,849536866.67,467245276.67,212384216.67,169907373.33,38,SIMULATED
2025-12-01,CUS05,1097892200.0,647958000.0,925103400.0,0,820746800.0,451410740.0,205186700.0,164149360.0,38,SIMULATED
2025-12-01,CUS06,1325987200.0,947517000.0,1073316000.0,0,1200188200.0,660103510.0,300047050.0,240037640.0,38,SIMULATED
2025-12-01,CUS07,1205119333.33,1132812000.0,903036133.33,0,1434895200.0,789192360.0,358723800.0,286979040.0,38,SIMULATED
2025-12-01,CUS08,1084175466.67,1005188000.0,816125333.34,0,1273238133.33,700280973.33,318309533.33,254647626.67,38,SIMULATED
2025-12-01,CUS09,1005196266.67,968189000.0,747012533.34,0,1226372733.33,674505003.33,306593183.33,245274546.67,38,SIMULATED
2025-12-01,CUS10,859803200.0,901694000.0,619351466.67,0,1142145733.33,628180153.33,285536433.33,228429146.67,38,SIMULATED
