requirement_id,scope,requirement,status,evidence_artifacts,evidence_class,verification,next_action
CORE-01,mandatory_core,Commercial P&L,COMPLETE,Excel v2; model contract; executive reconciliation,SIMULATED/DERIVED,Nine model controls PASS; formula scan zero,None
CORE-02,mandatory_core,Actual vs Budget vs Forecast vs Prior Year,COMPLETE,Budget; Forecast_Versions; Variance_Bridge,SIMULATED/DERIVED,Version and scenario fields are explicit,None
CORE-03,mandatory_core,Price Volume Mix and margin bridge,COMPLETE,PVM_Bridge; PVM methodology; QA matrix,SIMULATED/DERIVED,Bridge residual controlled and disclosed,None
CORE-04,mandatory_core,Product and SKU profitability,COMPLETE,Product_Profitability tab; CFO output,SIMULATED/DERIVED,Product contribution and rationalization views reconcile,None
CORE-05,mandatory_core,Customer profitability,COMPLETE,Customer_Profitability tab; methodology pack,SIMULATED/DERIVED,Customer P&L includes discounts rebates returns and delivery,None
CORE-06,mandatory_core,Channel profitability,COMPLETE,Channel_Profitability tab; peer and D2C modules,SIMULATED/DERIVED,Channel revenue and contribution tie to company totals,None
CORE-07,mandatory_core,Twelve month rolling forecast,COMPLETE_WITH_CAVEAT,Forecast_Versions; forecast methodology; capture Sheet,SIMULATED/DERIVED,Freeze protocol and synthetic backtest PASS; live snapshot pending,Replace demo fixture with approved internal snapshot
CORE-08,mandatory_core,Promotion ROI,COMPLETE,"Promotion_Pricing tab; promotion_roi_synthetic.csv; promotion methodology; validator; battle cards",SIMULATED/DERIVED,Incremental CM after spend; ROI hurdle decision; four negative-CM events retained; validator PASS,None
CORE-09,mandatory_core,Pricing simulator,COMPLETE,"Pricing_Simulator tab; pricing_simulator_synthetic.csv; pricing validator; promotion/pricing methodology; assumptions and limitations",SIMULATED/DERIVED,Price-response chain, CM delta and break-even price formula are assumption-labelled; validator PASS,None
CORE-10,mandatory_core,Inventory and aging analysis,COMPLETE,Inventory tab; working-capital module,SIMULATED/DERIVED,Inventory roll-forward and aging controls documented,None
CORE-11,mandatory_core,Cash Conversion Cycle,COMPLETE,Working_Capital tab; Finance Analyst KPI dictionary; MBR pack,SIMULATED/DERIVED,DIO plus DSO minus DPO reconciles,None
CORE-12,mandatory_core,Liquidity and revolver stress testing,COMPLETE,Debt_Liquidity tab; liquidity methodology,SIMULATED/DERIVED,Minimum cash and revolver headroom are formula-driven,None
CORE-13,mandatory_core,Scenario and sensitivity analysis,COMPLETE,Scenario_Analysis; assumptions and limitations,SIMULATED/DERIVED,Base upside margin-pressure and downside cases are separated,None
CORE-14,mandatory_core,Monte Carlo risk overlay,COMPLETE_WITH_CAVEAT,Scenario_MonteCarlo; Monte Carlo methodology,SIMULATED/DERIVED,Seeded output and distribution assumptions documented,None
CORE-15,mandatory_core,Commercial budget reallocation,COMPLETE,"Budget_Allocation tab; budget_reallocation_synthetic.csv; allocation methodology; validator",SIMULATED/DERIVED,Recommended budget equals current budget (VND 4.35bn); capacity and max-increase constraints pass,None
CORE-16,mandatory_core,Industry and peer benchmark,COMPLETE_WITH_CAVEAT,VNM long-run panel; QNS/KDC basis bridge; adjustment-feasibility ledger; peer evidence queue; public guidance proxy,OBSERVED/DERIVED,Source-linked public evidence with basis-break flags; feasibility validator 10/10 PASS,Do not imply perfect comparability; adjusted full-period CAGR remains blocked until entity/gross-to-net bridges are sourced
CORE-17,mandatory_core,Quantified management recommendations,COMPLETE,CFO memo; management deck; MBR pack; Management Recommendation Register; executive reconciliation,SIMULATED/DERIVED,Each action has mechanism impact risk and monitoring KPI,None
CORE-18,mandatory_core,Finance Business Partnering battle cards,COMPLETE,Battle cards v1/v2; decision matrix; interview talk track,SIMULATED/DERIVED,Marketing Sales and Supply Chain pushback scenarios documented,None
CORE-19,mandatory_core,Recruiter-first website and quick tour,COMPLETE,Production site version 3; site source mirror; forecast and Strategic Finance release; runtime QA,SIMULATED/PUBLIC,Private production deployment verified; forecast integrity boundary visible,None
CORE-20,mandatory_core,Hidden business truth validation,COMPLETE,Hidden truth register; synthetic ledger QA,SIMULATED,Controlled business events are encoded and QA-tested,None
COND-01,conditional,D2C CAC and LTV,COMPLETE_WITH_CAVEAT,D2C Unit Economics native Sheet; D2C methodology,SIMULATED/DERIVED,Six native controls PASS; inputs are synthetic,Replace with cohort evidence for production use
COND-02,conditional,SSSG and sales per square meter,CONDITIONAL_NOT_APPLICABLE,Business case; assumptions and limitations,ASSUMPTION,No owned-store network is activated; metrics are not forced,Activate only if approved store data exists
COND-03,conditional,Shrinkage and wastage,COMPLETE_WITH_CAVEAT,Inventory schedule; QA matrix,SIMULATED/DERIVED,Loss and write-off treatment is documented,Replace with physical-count evidence for production use
STR-01,strategic_stretch,Buy vs Build / M&A accretion dilution,COMPLETE_WITH_CAVEAT,M&A memo; forecast CSV; sensitivity CSV; native M&A Sheet,SYNTHETIC/DERIVED,Validator PASS; Year-2 accretion 17.16%; NPV VND 28.39bn,Add purchase accounting and debt amortization before real use
GATE-A,external_gate,Genuine pre-close internal forecast snapshot and observed Bias/WAPE,PENDING_EXTERNAL,Final external-gates handoff; live submission template; governance schema; live validator; capture Sheet,PENDING,Fixture contract and leakage controls pass; no approved internal source supplied,Obtain approved snapshot with cutoff approver close evidence and non-synthetic source URI
GATE-B,external_gate,Native Power BI PBIX and QA-01 to QA-18,PENDING_EXTERNAL,PBIP manifest; Desktop checklist; DAX; QA matrix; machine-readable QA evidence log; evidence validator,PENDING,Portable contract and evidence-log contract pass; native Desktop binary not available,Build in Power BI Desktop execute all 18 tests and archive PBIX plus visual evidence
COMM-01,recruiting,One-page Finance Analyst CV,COMPLETE,Finance Analyst CV one-page draft; CV evidence map,SIMULATED/PUBLIC,Bullets restricted to validated evidence and caveats,Replace personal placeholders
COMM-02,recruiting,Interview conversion talk track,COMPLETE,Finance Analyst interview talk track,SIMULATED/PUBLIC,90-second pitch; 15-minute walkthrough; STAR stories; pushback answers,None

