period,evidence_class,source_ledger,cash_opening_vnd,cash_closing_vnd,ar_closing_vnd,inventory_closing_vnd,ppe_net_closing_vnd,ap_closing_vnd,debt_closing_vnd,equity_opening_vnd,equity_closing_vnd,total_assets_vnd,total_liabilities_equity_vnd,balance_check_vnd
2023-01,SIMULATED/DERIVED,powerbi/data/current (operating) + powerbi/data/final_v1 (planning schedules),5000000000,4483219916,138696610,1522192232,0,106361969,6950000000,-348542000,-912253211,6144108758,6144108758,0
2023-02,SIMULATED/DERIVED,powerbi/data/current (operating) + powerbi/data/final_v1 (planning schedules),4483219916,4001004409,290725031,1315622293,0,217138689,6900000000,-912253211,-1509786956,5607351733,5607351733,0
2023-03,SIMULATED/DERIVED,powerbi/data/current (operating) + powerbi/data/final_v1 (planning schedules),4001004409,3482414727,451043803,1055735524,0,304462441,6850000000,-1509786956,-2165268387,4989194054,4989194054,0
2023-04,SIMULATED/DERIVED,powerbi/data/current (operating) + powerbi/data/final_v1 (planning schedules),3482414727,2940052126,613087712,794129843,0,420815018,6800000000,-2165268387,-2873545337,4347269681,4347269681,0
2023-05,SIMULATED/DERIVED,powerbi/data/current (operating) + powerbi/data/final_v1 (planning schedules),2940052126,2416770319,755351700,644576507,0,528325519,6750000000,-2873545337,-3461626993,3816698526,3816698526,0
2023-06,SIMULATED/DERIVED,powerbi/data/current (operating) + powerbi/data/final_v1 (planning schedules),2416770319,1807587545,902744462,540237567,0,636552765,6700000000,-3461626993,-4085983191,3250569574,3250569574,0
2023-07,SIMULATED/DERIVED,powerbi/data/current (operating) + powerbi/data/final_v1 (planning schedules),1807587545,1129498373,1057177775,457533792,0,748337833,6650000000,-4085983191,-4754127893,2644209940,2644209940,0
2023-08,SIMULATED/DERIVED,powerbi/data/current (operating) + powerbi/data/final_v1 (planning schedules),1129498373,343873681,1211435764,381987127,0,855761822,6600000000,-4754127893,-5518465250,1937296572,1937296572,0
2023-09,SIMULATED/DERIVED,powerbi/data/current (operating) + powerbi/data/final_v1 (planning schedules),343873681,-291100485,1371093506,322223138,0,961346625,6550000000,-5518465250,-6109130466,1402216159,1402216159,0
2023-10,SIMULATED/DERIVED,powerbi/data/current (operating) + powerbi/data/final_v1 (planning schedules),-291100485,-1036406762,1506128209,289827658,0,1058691023,6500000000,-6109130466,-6799141918,759549105,759549105,0
2023-11,SIMULATED/DERIVED,powerbi/data/current (operating) + powerbi/data/final_v1 (planning schedules),-1036406762,-1826207214,1673851355,257041042,0,1153870556,6450000000,-6799141918,-7499185373,104685183,104685183,0
2023-12,SIMULATED/DERIVED,powerbi/data/current (operating) + powerbi/data/final_v1 (planning schedules),-1826207214,-2688150092,1847109835,232254329,0,1259575243,6400000000,-7499185373,-8268361171,-608785928,-608785928,0
2024-01,SIMULATED/DERIVED,powerbi/data/current (operating) + powerbi/data/final_v1 (planning schedules),-2688150092,-3396612739,1993782207,221738711,0,1374052702,6350000000,-8268361171,-8905144523,-1181091821,-1181091821,0
2024-02,SIMULATED/DERIVED,powerbi/data/current (operating) + powerbi/data/final_v1 (planning schedules),-3396612739,-4141958976,2155087875,222595121,0,1492470153,6300000000,-8905144523,-9556746133,-1764275980,-1764275980,0
2024-03,SIMULATED/DERIVED,powerbi/data/current (operating) + powerbi/data/final_v1 (planning schedules),-4141958976,-4961916456,2308286542,213834521,0,1593728186,6250000000,-9556746133,-10283523579,-2439795393,-2439795393,0
2024-04,SIMULATED/DERIVED,powerbi/data/current (operating) + powerbi/data/final_v1 (planning schedules),-4961916456,-5808945110,2468035566,219578403,0,1709812504,6200000000,-10283523579,-11031143645,-3121331141,-3121331141,0
2024-05,SIMULATED/DERIVED,powerbi/data/current (operating) + powerbi/data/final_v1 (planning schedules),-5808945110,-5602785699,2609010399,240504773,0,1814158570,7150000000,-11031143645,-11717429097,-2753270527,-2753270527,0
2024-06,SIMULATED/DERIVED,powerbi/data/current (operating) + powerbi/data/final_v1 (planning schedules),-5602785699,-6403638716,2751891292,252809522,0,1909320580,7100000000,-11717429097,-12408258482,-3398937902,-3398937902,0
2024-07,SIMULATED/DERIVED,powerbi/data/current (operating) + powerbi/data/final_v1 (planning schedules),-6403638716,-7230998370,2893054163,271025436,0,2016215261,7050000000,-12408258482,-13133134032,-4066918771,-4066918771,0
2024-08,SIMULATED/DERIVED,powerbi/data/current (operating) + powerbi/data/final_v1 (planning schedules),-7230998370,-8123374897,3052870555,284104626,0,2111361740,7000000000,-13133134032,-13897761456,-4786399716,-4786399716,0
2024-09,SIMULATED/DERIVED,powerbi/data/current (operating) + powerbi/data/final_v1 (planning schedules),-8123374897,-8956344600,3204394735,307828620,0,2205802010,6950000000,-13897761456,-14599923255,-5444121245,-5444121245,0
2024-10,SIMULATED/DERIVED,powerbi/data/current (operating) + powerbi/data/final_v1 (planning schedules),-8956344600,-9884233505,3347149157,358869025,0,2315447062,6900000000,-14599923255,-15393662385,-6178215323,-6178215323,0
2024-11,SIMULATED/DERIVED,powerbi/data/current (operating) + powerbi/data/final_v1 (planning schedules),-9884233505,-10828943637,3520309758,398518885,0,2422630196,6850000000,-15393662385,-16182745190,-6910114994,-6910114994,0
2024-12,SIMULATED/DERIVED,powerbi/data/current (operating) + powerbi/data/final_v1 (planning schedules),-10828943637,-11949215288,3696686760,467683450,0,2535687916,6800000000,-16182745190,-17120532994,-7784845078,-7784845078,0
2025-01,SIMULATED/DERIVED,powerbi/data/current (operating) + powerbi/data/final_v1 (planning schedules),-11949215288,-14148635733.8,3853286753,531126160,1261125000,2641276950,6750000000,-17120532994,-17894374770.8,-8503097820.8,-8503097820.8,0
2025-02,SIMULATED/DERIVED,powerbi/data/current (operating) + powerbi/data/final_v1 (planning schedules),-14148635733.8,-16439341698.4,4056102682,641965610,2522250000,2745021960,6700000000,-17894374770.8,-18664045366.4,-9219023406.4,-9219023406.4,0
2025-03,SIMULATED/DERIVED,powerbi/data/current (operating) + powerbi/data/final_v1 (planning schedules),-16439341698.4,-18088450397.4,4257596156,733564515,3152812500,2845677672,6650000000,-18664045366.4,-19440154898.4,-9944477226.4,-9944477226.4,0
2025-04,SIMULATED/DERIVED,powerbi/data/current (operating) + powerbi/data/final_v1 (planning schedules),-18088450397.4,-19734189307.4,4455705964,767834930,3783375000,2947679333,6600000000,-19440154898.4,-20274952746.4,-10727273413.4,-10727273413.4,0
2025-05,SIMULATED/DERIVED,powerbi/data/current (operating) + powerbi/data/final_v1 (planning schedules),-19734189307.4,-20793563590.4,4644117131,905251705,3783375000,3069276780,6550000000,-20274952746.4,-21080096534.4,-11460819754.4,-11460819754.4,0
2025-06,SIMULATED/DERIVED,powerbi/data/current (operating) + powerbi/data/final_v1 (planning schedules),-20793563590.4,-21932650023.2,4839261225,1116188855,3783375000,3174112809,6500000000,-21080096534.4,-21867937752.2,-12193824943.2,-12193824943.2,0
2025-07,SIMULATED/DERIVED,powerbi/data/current (operating) + powerbi/data/final_v1 (planning schedules),-21932650023.2,-23050428208,5029476907,1307750635,3783375000,3284364410,6450000000,-21867937752.2,-22664190076,-12929825666,-12929825666,0
2025-08,SIMULATED/DERIVED,powerbi/data/current (operating) + powerbi/data/final_v1 (planning schedules),-23050428208,-24295112533,5234614279,1564988860,3783375000,3388779903,6400000000,-22664190076,-23500914297,-13712134394,-13712134394,0
2025-09,SIMULATED/DERIVED,powerbi/data/current (operating) + powerbi/data/final_v1 (planning schedules),-24295112533,-25559790426,5455057910,1824830700,3783375000,3493734102,6350000000,-23500914297,-24340260918,-14496526816,-14496526816,0
2025-10,SIMULATED/DERIVED,powerbi/data/current (operating) + powerbi/data/final_v1 (planning schedules),-25559790426,-27232972931,5646589183,2200849405,3783375000,3393548147,6300000000,-24340260918,-25295707490,-15602159343,-15602159343,0
2025-11,SIMULATED/DERIVED,powerbi/data/current (operating) + powerbi/data/final_v1 (planning schedules),-27232972931,-28867796642,5862836238,2677888060,3783375000,3497185097,6250000000,-25295707490,-26290882441,-16543697344,-16543697344,0
2025-12,SIMULATED/DERIVED,powerbi/data/current (operating) + powerbi/data/final_v1 (planning schedules),-28867796642,-30756981747,6082515405,3266385880,3783375000,3612700077,6200000000,-26290882441,-27437405539,-17624705462,-17624705462,0
